#
# There is insufficient memory for the Java Runtime Environment to continue.
# Native memory allocation (malloc) failed to allocate 1309616 bytes. Error detail: Chunk::new
# Possible reasons:
#   The system is out of physical RAM or swap space
#   This process is running with CompressedOops enabled, and the Java Heap may be blocking the growth of the native heap
# Possible solutions:
#   Reduce memory load on the system
#   Increase physical memory or swap space
#   Check if swap backing store is full
#   Decrease Java heap size (-Xmx/-Xms)
#   Decrease number of Java threads
#   Decrease Java thread stack sizes (-Xss)
#   Set larger code cache with -XX:ReservedCodeCacheSize=
#   JVM is running with Unscaled Compressed Oops mode in which the Java heap is
#     placed in the first 4GB address space. The Java Heap base address is the
#     maximum limit for the native heap growth. Please use -XX:HeapBaseMinAddress
#     to set the Java Heap base and to place the Java Heap above 4GB virtual address.
# This output file may be truncated or incomplete.
#
#  Out of Memory Error (arena.cpp:168), pid=8380, tid=20924
#
# JRE version: OpenJDK Runtime Environment (21.0.10) (build 21.0.10+-14961533-b1163.108)
# Java VM: OpenJDK 64-Bit Server VM (21.0.10+-14961533-b1163.108, mixed mode, tiered, compressed oops, compressed class ptrs, g1 gc, windows-amd64)
# No core dump will be written. Minidumps are not enabled by default on client versions of Windows
#

---------------  S U M M A R Y ------------

Command Line: --add-opens=java.base/java.lang=ALL-UNNAMED --add-opens=java.base/java.lang.invoke=ALL-UNNAMED --add-opens=java.base/java.util=ALL-UNNAMED --add-opens=java.prefs/java.util.prefs=ALL-UNNAMED --add-exports=jdk.compiler/com.sun.tools.javac.api=ALL-UNNAMED --add-exports=jdk.compiler/com.sun.tools.javac.util=ALL-UNNAMED --add-opens=java.base/java.util=ALL-UNNAMED --add-opens=java.prefs/java.util.prefs=ALL-UNNAMED --add-opens=java.base/java.nio.charset=ALL-UNNAMED --add-opens=java.base/java.net=ALL-UNNAMED --add-opens=java.base/java.util.concurrent=ALL-UNNAMED --add-opens=java.base/java.util.concurrent.atomic=ALL-UNNAMED --add-opens=java.xml/javax.xml.namespace=ALL-UNNAMED --add-opens=java.base/java.time=ALL-UNNAMED -Xmx2048m -Dfile.encoding=UTF-8 -Duser.country=IN -Duser.language=en -Duser.variant -javaagent:C:\Users\ELCOT\.gradle\wrapper\dists\gradle-9.3.1-bin\23ovyewtku6u96viwx3xl3oks\gradle-9.3.1\lib\agents\gradle-instrumentation-agent-9.3.1.jar org.gradle.launcher.daemon.bootstrap.GradleDaemon 9.3.1

Host: AMD Ryzen 3 7320U with Radeon Graphics         , 8 cores, 7G,  Windows 11 , 64 bit Build 26100 (10.0.26100.8246)
Time: Thu Aug 13 21:25:09 2026 India Standard Time elapsed time: 520.413502 seconds (0d 0h 8m 40s)

---------------  T H R E A D  ---------------

Current thread (0x0000020be0089fc0):  JavaThread "C2 CompilerThread0" daemon [_thread_in_native, id=20924, stack(0x000000e647f00000,0x000000e648000000) (1024K)]


Current CompileTask:
C2:520413 22313       4       org.objectweb.asm.ClassReader::accept (1419 bytes)

Stack: [0x000000e647f00000,0x000000e648000000]
Native frames: (J=compiled Java code, j=interpreted, Vv=VM code, C=native code)
V  [jvm.dll+0x6d78a9]
V  [jvm.dll+0x8665b3]
V  [jvm.dll+0x868bde]
V  [jvm.dll+0x8692c3]
V  [jvm.dll+0x280ee6]
V  [jvm.dll+0xc07cd]
V  [jvm.dll+0xc0d03]
V  [jvm.dll+0x3ba091]
V  [jvm.dll+0x385df7]
V  [jvm.dll+0x38526a]
V  [jvm.dll+0x249bd2]
V  [jvm.dll+0x2491a1]
V  [jvm.dll+0x1c76e4]
V  [jvm.dll+0x25891e]
V  [jvm.dll+0x256e66]
V  [jvm.dll+0x3f513e]
V  [jvm.dll+0x80fd28]
V  [jvm.dll+0x6d60fd]
C  [ucrtbase.dll+0x37b0]
C  [KERNEL32.DLL+0x2e8d7]
C  [ntdll.dll+0x8c3fc]


---------------  P R O C E S S  ---------------

Threads class SMR info:
_java_thread_list=0x0000020bf5d73e90, length=98, elements={
0x0000020bc21c4240, 0x0000020be0050e20, 0x0000020be0052680, 0x0000020be00720b0,
0x0000020be0084d20, 0x0000020be00869c0, 0x0000020be0087420, 0x0000020be00889f0,
0x0000020be0089fc0, 0x0000020be009c5c0, 0x0000020be0384f10, 0x0000020be26b4b60,
0x0000020be112f6a0, 0x0000020be138a9a0, 0x0000020be143cff0, 0x0000020be147d640,
0x0000020be0d2af00, 0x0000020be2769d70, 0x0000020be276d1f0, 0x0000020be276c4d0,
0x0000020be276be40, 0x0000020be276b120, 0x0000020be276a400, 0x0000020be276cb60,
0x0000020be2ad3940, 0x0000020be2ad5a10, 0x0000020be2ad32b0, 0x0000020be2ad7ae0,
0x0000020be2ad6dc0, 0x0000020be2ad60a0, 0x0000020be2ad7450, 0x0000020be2ad4660,
0x0000020be2ad8170, 0x0000020be2ad8800, 0x0000020be2ad9bb0, 0x0000020be2ad8e90,
0x0000020be2ad6730, 0x0000020be2ada240, 0x0000020be2ada8d0, 0x0000020be221f270,
0x0000020be221f900, 0x0000020be2220620, 0x0000020be221ff90, 0x0000020be22219d0,
0x0000020be668c8c0, 0x0000020be668ae80, 0x0000020be668b510, 0x0000020be668cf50,
0x0000020be668d5e0, 0x0000020be668a7f0, 0x0000020be668dc70, 0x0000020be668e300,
0x0000020be668c230, 0x0000020be668e990, 0x0000020be668f020, 0x0000020be668bba0,
0x0000020be6690a60, 0x0000020be6691780, 0x0000020be66910f0, 0x0000020be668f6b0,
0x0000020be66903d0, 0x0000020be1f80e10, 0x0000020be1f814a0, 0x0000020be1f81b30,
0x0000020be1f7fa60, 0x0000020be1f800f0, 0x0000020be1f84fb0, 0x0000020be1f86360,
0x0000020be35f8bd0, 0x0000020be35faca0, 0x0000020be35fb9c0, 0x0000020be35fc050,
0x0000020be35fb330, 0x0000020be35fc6e0, 0x0000020be35f9260, 0x0000020be1f83c00,
0x0000020be1f85cd0, 0x0000020be1f84290, 0x0000020be1f84920, 0x0000020be1f85640,
0x0000020be35f98f0, 0x0000020be35fd400, 0x0000020b8441ec60, 0x0000020b84416fb0,
0x0000020bf5fc0fb0, 0x0000020bf50dc050, 0x0000020bf50dc6e0, 0x0000020bf50dd400,
0x0000020bf50dcd70, 0x0000020bf545eaa0, 0x0000020bf545e410, 0x0000020bf545b620,
0x0000020bf545bcb0, 0x0000020b84725130, 0x0000020b84722340, 0x0000020b84724410,
0x0000020b847229d0, 0x0000020b847236f0
}

Java Threads: ( => current thread )
  0x0000020bc21c4240 JavaThread "main"                              [_thread_blocked, id=11428, stack(0x000000e647000000,0x000000e647100000) (1024K)]
  0x0000020be0050e20 JavaThread "Common-Cleaner"             daemon [_thread_blocked, id=5852, stack(0x000000e647800000,0x000000e647900000) (1024K)]
  0x0000020be0052680 JavaThread "Reference Handler"          daemon [_thread_blocked, id=7260, stack(0x000000e647900000,0x000000e647a00000) (1024K)]
  0x0000020be00720b0 JavaThread "Finalizer"                  daemon [_thread_blocked, id=19588, stack(0x000000e647a00000,0x000000e647b00000) (1024K)]
  0x0000020be0084d20 JavaThread "Signal Dispatcher"          daemon [_thread_blocked, id=14832, stack(0x000000e647b00000,0x000000e647c00000) (1024K)]
  0x0000020be00869c0 JavaThread "Attach Listener"            daemon [_thread_blocked, id=5400, stack(0x000000e647c00000,0x000000e647d00000) (1024K)]
  0x0000020be0087420 JavaThread "Service Thread"             daemon [_thread_blocked, id=21648, stack(0x000000e647d00000,0x000000e647e00000) (1024K)]
  0x0000020be00889f0 JavaThread "Monitor Deflation Thread"   daemon [_thread_blocked, id=21824, stack(0x000000e647e00000,0x000000e647f00000) (1024K)]
=>0x0000020be0089fc0 JavaThread "C2 CompilerThread0"         daemon [_thread_in_native, id=20924, stack(0x000000e647f00000,0x000000e648000000) (1024K)]
  0x0000020be009c5c0 JavaThread "C1 CompilerThread0"         daemon [_thread_blocked, id=15876, stack(0x000000e648000000,0x000000e648100000) (1024K)]
  0x0000020be0384f10 JavaThread "Notification Thread"        daemon [_thread_blocked, id=19116, stack(0x000000e648100000,0x000000e648200000) (1024K)]
  0x0000020be26b4b60 JavaThread "Daemon health stats"               [_thread_blocked, id=5308, stack(0x000000e648800000,0x000000e648900000) (1024K)]
  0x0000020be112f6a0 JavaThread "Incoming local TCP Connector on port 57730"        [_thread_in_native, id=17904, stack(0x000000e648900000,0x000000e648a00000) (1024K)]
  0x0000020be138a9a0 JavaThread "Daemon periodic checks"            [_thread_blocked, id=21256, stack(0x000000e648b00000,0x000000e648c00000) (1024K)]
  0x0000020be143cff0 JavaThread "Daemon"                            [_thread_blocked, id=21820, stack(0x000000e648c00000,0x000000e648d00000) (1024K)]
  0x0000020be147d640 JavaThread "Handler for socket connection from /127.0.0.1:57730 to /127.0.0.1:57731"        [_thread_in_native, id=2404, stack(0x000000e648d00000,0x000000e648e00000) (1024K)]
  0x0000020be0d2af00 JavaThread "Cancel handler"                    [_thread_blocked, id=9116, stack(0x000000e648a00000,0x000000e648b00000) (1024K)]
  0x0000020be2769d70 JavaThread "Daemon worker"                     [_thread_in_vm, id=21912, stack(0x000000e649000000,0x000000e649100000) (1024K)]
  0x0000020be276d1f0 JavaThread "Asynchronous log dispatcher for DefaultDaemonConnection: socket connection from /127.0.0.1:57730 to /127.0.0.1:57731"        [_thread_blocked, id=3064, stack(0x000000e649100000,0x000000e649200000) (1024K)]
  0x0000020be276c4d0 JavaThread "Stdin handler"                     [_thread_blocked, id=17444, stack(0x000000e649200000,0x000000e649300000) (1024K)]
  0x0000020be276be40 JavaThread "Daemon client event forwarder"        [_thread_blocked, id=8532, stack(0x000000e649300000,0x000000e649400000) (1024K)]
  0x0000020be276b120 JavaThread "Cache worker for journal cache (C:\Users\ELCOT\.gradle\caches\journal-1)"        [_thread_blocked, id=17084, stack(0x000000e649400000,0x000000e649500000) (1024K)]
  0x0000020be276a400 JavaThread "File lock request listener"        [_thread_in_native, id=15036, stack(0x000000e649500000,0x000000e649600000) (1024K)]
  0x0000020be276cb60 JavaThread "Cache worker for file hash cache (C:\Users\ELCOT\.gradle\caches\9.3.1\fileHashes)"        [_thread_blocked, id=22244, stack(0x000000e649700000,0x000000e649800000) (1024K)]
  0x0000020be2ad3940 JavaThread "Cache worker for file hash cache (C:\Users\ELCOT\AndroidStudioProjects\Milk_homecalci\.gradle\9.3.1\fileHashes)"        [_thread_blocked, id=7292, stack(0x000000e649900000,0x000000e649a00000) (1024K)]
  0x0000020be2ad5a10 JavaThread "Cache worker for Build Output Cleanup Cache (C:\Users\ELCOT\AndroidStudioProjects\Milk_homecalci\.gradle\buildOutputCleanup)"        [_thread_blocked, id=15768, stack(0x000000e649a00000,0x000000e649b00000) (1024K)]
  0x0000020be2ad32b0 JavaThread "File watcher server"        daemon [_thread_in_native, id=6276, stack(0x000000e649b00000,0x000000e649c00000) (1024K)]
  0x0000020be2ad7ae0 JavaThread "File watcher consumer"      daemon [_thread_blocked, id=13680, stack(0x000000e649c00000,0x000000e649d00000) (1024K)]
  0x0000020be2ad6dc0 JavaThread "jar transforms"                    [_thread_blocked, id=10388, stack(0x000000e649d00000,0x000000e649e00000) (1024K)]
  0x0000020be2ad60a0 JavaThread "jar transforms Thread 2"           [_thread_blocked, id=4336, stack(0x000000e649e00000,0x000000e649f00000) (1024K)]
  0x0000020be2ad7450 JavaThread "jar transforms Thread 3"           [_thread_blocked, id=19852, stack(0x000000e649f00000,0x000000e64a000000) (1024K)]
  0x0000020be2ad4660 JavaThread "jar transforms Thread 4"           [_thread_blocked, id=18532, stack(0x000000e64a000000,0x000000e64a100000) (1024K)]
  0x0000020be2ad8170 JavaThread "jar transforms Thread 5"           [_thread_blocked, id=5700, stack(0x000000e64a100000,0x000000e64a200000) (1024K)]
  0x0000020be2ad8800 JavaThread "jar transforms Thread 6"           [_thread_blocked, id=15256, stack(0x000000e64a200000,0x000000e64a300000) (1024K)]
  0x0000020be2ad9bb0 JavaThread "jar transforms Thread 7"           [_thread_blocked, id=13908, stack(0x000000e64a300000,0x000000e64a400000) (1024K)]
  0x0000020be2ad8e90 JavaThread "jar transforms Thread 8"           [_thread_blocked, id=19044, stack(0x000000e64a400000,0x000000e64a500000) (1024K)]
  0x0000020be2ad6730 JavaThread "Cache worker for checksums cache (C:\Users\ELCOT\AndroidStudioProjects\Milk_homecalci\.gradle\9.3.1\checksums)"        [_thread_blocked, id=3028, stack(0x000000e649600000,0x000000e649700000) (1024K)]
  0x0000020be2ada240 JavaThread "Cache worker for file content cache (C:\Users\ELCOT\.gradle\caches\9.3.1\fileContent)"        [_thread_blocked, id=18692, stack(0x000000e64a500000,0x000000e64a600000) (1024K)]
  0x0000020be2ada8d0 JavaThread "Cache worker for cache directory md-supplier (C:\Users\ELCOT\.gradle\caches\9.3.1\md-supplier)"        [_thread_blocked, id=18132, stack(0x000000e64a600000,0x000000e64a700000) (1024K)]
  0x0000020be221f270 JavaThread "Cache worker for cache directory md-rule (C:\Users\ELCOT\.gradle\caches\9.3.1\md-rule)"        [_thread_blocked, id=7784, stack(0x000000e64a700000,0x000000e64a800000) (1024K)]
  0x0000020be221f900 JavaThread "Unconstrained build operations"        [_thread_blocked, id=14464, stack(0x000000e64a900000,0x000000e64aa00000) (1024K)]
  0x0000020be2220620 JavaThread "Unconstrained build operations Thread 2"        [_thread_blocked, id=18152, stack(0x000000e64aa00000,0x000000e64ab00000) (1024K)]
  0x0000020be221ff90 JavaThread "Unconstrained build operations Thread 3"        [_thread_blocked, id=22044, stack(0x000000e64ab00000,0x000000e64ac00000) (1024K)]
  0x0000020be22219d0 JavaThread "Unconstrained build operations Thread 4"        [_thread_blocked, id=15820, stack(0x000000e64ac00000,0x000000e64ad00000) (1024K)]
  0x0000020be668c8c0 JavaThread "Unconstrained build operations Thread 5"        [_thread_blocked, id=18288, stack(0x000000e64ad00000,0x000000e64ae00000) (1024K)]
  0x0000020be668ae80 JavaThread "Unconstrained build operations Thread 6"        [_thread_blocked, id=18508, stack(0x000000e64ae00000,0x000000e64af00000) (1024K)]
  0x0000020be668b510 JavaThread "Unconstrained build operations Thread 7"        [_thread_blocked, id=2620, stack(0x000000e64af00000,0x000000e64b000000) (1024K)]
  0x0000020be668cf50 JavaThread "Unconstrained build operations Thread 8"        [_thread_blocked, id=21996, stack(0x000000e64b000000,0x000000e64b100000) (1024K)]
  0x0000020be668d5e0 JavaThread "Unconstrained build operations Thread 9"        [_thread_blocked, id=3768, stack(0x000000e64b100000,0x000000e64b200000) (1024K)]
  0x0000020be668a7f0 JavaThread "Unconstrained build operations Thread 10"        [_thread_blocked, id=3700, stack(0x000000e64b200000,0x000000e64b300000) (1024K)]
  0x0000020be668dc70 JavaThread "Unconstrained build operations Thread 11"        [_thread_blocked, id=20984, stack(0x000000e64b300000,0x000000e64b400000) (1024K)]
  0x0000020be668e300 JavaThread "Unconstrained build operations Thread 12"        [_thread_blocked, id=6000, stack(0x000000e64b400000,0x000000e64b500000) (1024K)]
  0x0000020be668c230 JavaThread "Unconstrained build operations Thread 13"        [_thread_blocked, id=12616, stack(0x000000e64b500000,0x000000e64b600000) (1024K)]
  0x0000020be668e990 JavaThread "Unconstrained build operations Thread 14"        [_thread_blocked, id=3936, stack(0x000000e64b600000,0x000000e64b700000) (1024K)]
  0x0000020be668f020 JavaThread "Unconstrained build operations Thread 15"        [_thread_blocked, id=7440, stack(0x000000e64b700000,0x000000e64b800000) (1024K)]
  0x0000020be668bba0 JavaThread "Unconstrained build operations Thread 16"        [_thread_blocked, id=6232, stack(0x000000e64b800000,0x000000e64b900000) (1024K)]
  0x0000020be6690a60 JavaThread "Unconstrained build operations Thread 17"        [_thread_blocked, id=7532, stack(0x000000e64b900000,0x000000e64ba00000) (1024K)]
  0x0000020be6691780 JavaThread "Unconstrained build operations Thread 18"        [_thread_blocked, id=21068, stack(0x000000e64ba00000,0x000000e64bb00000) (1024K)]
  0x0000020be66910f0 JavaThread "Unconstrained build operations Thread 19"        [_thread_blocked, id=22424, stack(0x000000e64bb00000,0x000000e64bc00000) (1024K)]
  0x0000020be668f6b0 JavaThread "Unconstrained build operations Thread 20"        [_thread_blocked, id=21736, stack(0x000000e64bc00000,0x000000e64bd00000) (1024K)]
  0x0000020be66903d0 JavaThread "Unconstrained build operations Thread 21"        [_thread_blocked, id=1960, stack(0x000000e64bd00000,0x000000e64be00000) (1024K)]
  0x0000020be1f80e10 JavaThread "Unconstrained build operations Thread 22"        [_thread_blocked, id=17848, stack(0x000000e64be00000,0x000000e64bf00000) (1024K)]
  0x0000020be1f814a0 JavaThread "Unconstrained build operations Thread 23"        [_thread_blocked, id=17764, stack(0x000000e64bf00000,0x000000e64c000000) (1024K)]
  0x0000020be1f81b30 JavaThread "Unconstrained build operations Thread 24"        [_thread_blocked, id=19120, stack(0x000000e64c000000,0x000000e64c100000) (1024K)]
  0x0000020be1f7fa60 JavaThread "Unconstrained build operations Thread 25"        [_thread_blocked, id=15800, stack(0x000000e64c100000,0x000000e64c200000) (1024K)]
  0x0000020be1f800f0 JavaThread "Unconstrained build operations Thread 26"        [_thread_blocked, id=4604, stack(0x000000e64c200000,0x000000e64c300000) (1024K)]
  0x0000020be1f84fb0 JavaThread "Unconstrained build operations Thread 27"        [_thread_blocked, id=7832, stack(0x000000e64c300000,0x000000e64c400000) (1024K)]
  0x0000020be1f86360 JavaThread "Unconstrained build operations Thread 28"        [_thread_blocked, id=16968, stack(0x000000e64c400000,0x000000e64c500000) (1024K)]
  0x0000020be35f8bd0 JavaThread "Unconstrained build operations Thread 29"        [_thread_blocked, id=17036, stack(0x000000e646d00000,0x000000e646e00000) (1024K)]
  0x0000020be35faca0 JavaThread "Unconstrained build operations Thread 30"        [_thread_blocked, id=21804, stack(0x000000e64c500000,0x000000e64c600000) (1024K)]
  0x0000020be35fb9c0 JavaThread "Unconstrained build operations Thread 31"        [_thread_blocked, id=7600, stack(0x000000e64c600000,0x000000e64c700000) (1024K)]
  0x0000020be35fc050 JavaThread "Unconstrained build operations Thread 32"        [_thread_blocked, id=18716, stack(0x000000e64c700000,0x000000e64c800000) (1024K)]
  0x0000020be35fb330 JavaThread "Unconstrained build operations Thread 33"        [_thread_blocked, id=14068, stack(0x000000e64c800000,0x000000e64c900000) (1024K)]
  0x0000020be35fc6e0 JavaThread "Unconstrained build operations Thread 34"        [_thread_blocked, id=18696, stack(0x000000e64c900000,0x000000e64ca00000) (1024K)]
  0x0000020be35f9260 JavaThread "Unconstrained build operations Thread 35"        [_thread_blocked, id=9524, stack(0x000000e64ca00000,0x000000e64cb00000) (1024K)]
  0x0000020be1f83c00 JavaThread "Unconstrained build operations Thread 36"        [_thread_blocked, id=5332, stack(0x000000e64cb00000,0x000000e64cc00000) (1024K)]
  0x0000020be1f85cd0 JavaThread "Unconstrained build operations Thread 37"        [_thread_blocked, id=21108, stack(0x000000e64cc00000,0x000000e64cd00000) (1024K)]
  0x0000020be1f84290 JavaThread "Unconstrained build operations Thread 38"        [_thread_blocked, id=17708, stack(0x000000e64cd00000,0x000000e64ce00000) (1024K)]
  0x0000020be1f84920 JavaThread "Unconstrained build operations Thread 39"        [_thread_blocked, id=10780, stack(0x000000e64ce00000,0x000000e64cf00000) (1024K)]
  0x0000020be1f85640 JavaThread "Unconstrained build operations Thread 40"        [_thread_blocked, id=6080, stack(0x000000e64cf00000,0x000000e64d000000) (1024K)]
  0x0000020be35f98f0 JavaThread "Unconstrained build operations Thread 41"        [_thread_blocked, id=14064, stack(0x000000e64d000000,0x000000e64d100000) (1024K)]
  0x0000020be35fd400 JavaThread "Unconstrained build operations Thread 42"        [_thread_blocked, id=6352, stack(0x000000e64d100000,0x000000e64d200000) (1024K)]
  0x0000020b8441ec60 JavaThread "Problems report writer"            [_thread_blocked, id=22176, stack(0x000000e64d400000,0x000000e64d500000) (1024K)]
  0x0000020b84416fb0 JavaThread "Memory manager"                    [_thread_blocked, id=20288, stack(0x000000e64d500000,0x000000e64d600000) (1024K)]
  0x0000020bf5fc0fb0 JavaThread "build event listener"              [_thread_blocked, id=12536, stack(0x000000e64d200000,0x000000e64d300000) (1024K)]
  0x0000020bf50dc050 JavaThread "Execution worker"                  [_thread_blocked, id=3348, stack(0x000000e64d300000,0x000000e64d400000) (1024K)]
  0x0000020bf50dc6e0 JavaThread "Execution worker Thread 2"         [_thread_blocked, id=20192, stack(0x000000e64d600000,0x000000e64d700000) (1024K)]
  0x0000020bf50dd400 JavaThread "Execution worker Thread 3"         [_thread_blocked, id=14776, stack(0x000000e64d700000,0x000000e64d800000) (1024K)]
  0x0000020bf50dcd70 JavaThread "Execution worker Thread 4"         [_thread_blocked, id=20344, stack(0x000000e64d800000,0x000000e64d900000) (1024K)]
  0x0000020bf545eaa0 JavaThread "Execution worker Thread 5"         [_thread_blocked, id=20824, stack(0x000000e64d900000,0x000000e64da00000) (1024K)]
  0x0000020bf545e410 JavaThread "Execution worker Thread 6"         [_thread_blocked, id=9272, stack(0x000000e64da00000,0x000000e64db00000) (1024K)]
  0x0000020bf545b620 JavaThread "Execution worker Thread 7"         [_thread_blocked, id=7516, stack(0x000000e64db00000,0x000000e64dc00000) (1024K)]
  0x0000020bf545bcb0 JavaThread "Cache worker for execution history cache (C:\Users\ELCOT\AndroidStudioProjects\Milk_homecalci\.gradle\9.3.1\executionHistory)"        [_thread_blocked, id=19324, stack(0x000000e64dc00000,0x000000e64dd00000) (1024K)]
  0x0000020b84725130 JavaThread "idea-tooling-model-converter"        [_thread_blocked, id=22408, stack(0x000000e64dd00000,0x000000e64de00000) (1024K)]
  0x0000020b84722340 JavaThread "Unconstrained build operations Thread 43"        [_thread_blocked, id=13048, stack(0x000000e64de00000,0x000000e64df00000) (1024K)]
  0x0000020b84724410 JavaThread "File lock release action executor Thread 9"        [_thread_blocked, id=17576, stack(0x000000e646f00000,0x000000e647000000) (1024K)]
  0x0000020b847229d0 JavaThread "File lock release action executor Thread 10"        [_thread_blocked, id=5004, stack(0x000000e64a800000,0x000000e64a900000) (1024K)]
  0x0000020b847236f0 JavaThread "Kotlin DSL Writer"                 [_thread_blocked, id=11776, stack(0x000000e649800000,0x000000e649900000) (1024K)]
Total: 98

Other Threads:
  0x0000020bdbcdea40 VMThread "VM Thread"                           [id=18688, stack(0x000000e647700000,0x000000e647800000) (1024K)]
  0x0000020bdbc54940 WatcherThread "VM Periodic Task Thread"        [id=7992, stack(0x000000e647600000,0x000000e647700000) (1024K)]
  0x0000020bc4612d10 WorkerThread "GC Thread#0"                     [id=20580, stack(0x000000e647100000,0x000000e647200000) (1024K)]
  0x0000020be04ec8b0 WorkerThread "GC Thread#1"                     [id=9360, stack(0x000000e648200000,0x000000e648300000) (1024K)]
  0x0000020be05aff10 WorkerThread "GC Thread#2"                     [id=3808, stack(0x000000e648300000,0x000000e648400000) (1024K)]
  0x0000020be0bf7d40 WorkerThread "GC Thread#3"                     [id=7632, stack(0x000000e648500000,0x000000e648600000) (1024K)]
  0x0000020be0bf6e80 WorkerThread "GC Thread#4"                     [id=13004, stack(0x000000e648600000,0x000000e648700000) (1024K)]
  0x0000020be0bf7990 WorkerThread "GC Thread#5"                     [id=11316, stack(0x000000e648400000,0x000000e648500000) (1024K)]
  0x0000020be0bf6720 WorkerThread "GC Thread#6"                     [id=8876, stack(0x000000e648700000,0x000000e648800000) (1024K)]
  0x0000020be23a1df0 WorkerThread "GC Thread#7"                     [id=20072, stack(0x000000e648e00000,0x000000e648f00000) (1024K)]
  0x0000020bc4623c10 ConcurrentGCThread "G1 Main Marker"            [id=11256, stack(0x000000e647200000,0x000000e647300000) (1024K)]
  0x0000020bc4625470 WorkerThread "G1 Conc#0"                       [id=18356, stack(0x000000e647300000,0x000000e647400000) (1024K)]
  0x0000020be23a37c0 WorkerThread "G1 Conc#1"                       [id=21580, stack(0x000000e648f00000,0x000000e649000000) (1024K)]
  0x0000020bdbb20550 ConcurrentGCThread "G1 Refine#0"               [id=18292, stack(0x000000e647400000,0x000000e647500000) (1024K)]
  0x0000020bdbb20d80 ConcurrentGCThread "G1 Service"                [id=21112, stack(0x000000e647500000,0x000000e647600000) (1024K)]
Total: 15

Threads with active compile tasks:
C2 CompilerThread0  520479 22313       4       org.objectweb.asm.ClassReader::accept (1419 bytes)
Total: 1

VM state: not at safepoint (normal execution)

VM Mutex/Monitor currently owned by a thread: None

Heap address: 0x0000000080000000, size: 2048 MB, Compressed Oops mode: 32-bit

CDS archive(s) not mapped
Compressed class space mapped at: 0x0000000100000000-0x0000000140000000, reserved size: 1073741824
Narrow klass base: 0x0000000000000000, Narrow klass shift: 3, Narrow klass range: 0x140000000

GC Precious Log:
 CardTable entry size: 512
 Card Set container configuration: InlinePtr #cards 5 size 8 Array Of Cards #cards 12 size 40 Howl #buckets 4 coarsen threshold 1843 Howl Bitmap #cards 512 size 80 coarsen threshold 460 Card regions per heap region 1 cards per card region 2048
 CPUs: 8 total, 8 available
 Memory: 7412M
 Large Page Support: Disabled
 NUMA Support: Disabled
 Compressed Oops: Enabled (32-bit)
 Heap Region Size: 1M
 Heap Min Capacity: 8M
 Heap Initial Capacity: 116M
 Heap Max Capacity: 2G
 Pre-touch: Disabled
 Parallel Workers: 8
 Concurrent Workers: 2
 Concurrent Refinement Workers: 8
 Periodic GC: Disabled

Heap:
 garbage-first heap   total 386048K, used 253674K [0x0000000080000000, 0x0000000100000000)
  region size 1024K, 37 young (37888K), 7 survivors (7168K)
 Metaspace       used 190967K, committed 193536K, reserved 1245184K
  class space    used 25439K, committed 26688K, reserved 1048576K

Heap Regions: E=young(eden), S=young(survivor), O=old, HS=humongous(starts), HC=humongous(continues), CS=collection set, F=free, TAMS=top-at-mark-start, PB=parsable bottom
|   0|0x0000000080000000, 0x0000000080100000, 0x0000000080100000|100%|HS|  |TAMS 0x0000000080000000| PB 0x0000000080000000| Complete 
|   1|0x0000000080100000, 0x0000000080200000, 0x0000000080200000|100%|HC|  |TAMS 0x0000000080100000| PB 0x0000000080100000| Complete 
|   2|0x0000000080200000, 0x0000000080300000, 0x0000000080300000|100%|HC|  |TAMS 0x0000000080200000| PB 0x0000000080200000| Complete 
|   3|0x0000000080300000, 0x0000000080400000, 0x0000000080400000|100%|HC|  |TAMS 0x0000000080300000| PB 0x0000000080300000| Complete 
|   4|0x0000000080400000, 0x0000000080500000, 0x0000000080500000|100%| O|  |TAMS 0x0000000080400000| PB 0x0000000080400000| Untracked 
|   5|0x0000000080500000, 0x0000000080600000, 0x0000000080600000|100%| O|  |TAMS 0x0000000080500000| PB 0x0000000080500000| Untracked 
|   6|0x0000000080600000, 0x0000000080700000, 0x0000000080700000|100%| O|  |TAMS 0x0000000080600000| PB 0x0000000080600000| Untracked 
|   7|0x0000000080700000, 0x0000000080800000, 0x0000000080800000|100%|HS|  |TAMS 0x0000000080700000| PB 0x0000000080700000| Complete 
|   8|0x0000000080800000, 0x0000000080900000, 0x0000000080900000|100%| O|  |TAMS 0x0000000080800000| PB 0x0000000080800000| Untracked 
|   9|0x0000000080900000, 0x0000000080a00000, 0x0000000080a00000|100%| O|  |TAMS 0x0000000080900000| PB 0x0000000080900000| Untracked 
|  10|0x0000000080a00000, 0x0000000080b00000, 0x0000000080b00000|100%| O|  |TAMS 0x0000000080a00000| PB 0x0000000080a00000| Untracked 
|  11|0x0000000080b00000, 0x0000000080c00000, 0x0000000080c00000|100%| O|  |TAMS 0x0000000080b00000| PB 0x0000000080b00000| Untracked 
|  12|0x0000000080c00000, 0x0000000080d00000, 0x0000000080d00000|100%| O|  |TAMS 0x0000000080c00000| PB 0x0000000080c00000| Untracked 
|  13|0x0000000080d00000, 0x0000000080e00000, 0x0000000080e00000|100%| O|  |TAMS 0x0000000080d00000| PB 0x0000000080d00000| Untracked 
|  14|0x0000000080e00000, 0x0000000080f00000, 0x0000000080f00000|100%| O|  |TAMS 0x0000000080e00000| PB 0x0000000080e00000| Untracked 
|  15|0x0000000080f00000, 0x0000000081000000, 0x0000000081000000|100%| O|  |TAMS 0x0000000080f00000| PB 0x0000000080f00000| Untracked 
|  16|0x0000000081000000, 0x0000000081100000, 0x0000000081100000|100%| O|  |TAMS 0x0000000081000000| PB 0x0000000081000000| Untracked 
|  17|0x0000000081100000, 0x0000000081200000, 0x0000000081200000|100%| O|  |TAMS 0x0000000081100000| PB 0x0000000081100000| Untracked 
|  18|0x0000000081200000, 0x0000000081300000, 0x0000000081300000|100%| O|  |TAMS 0x0000000081200000| PB 0x0000000081200000| Untracked 
|  19|0x0000000081300000, 0x0000000081400000, 0x0000000081400000|100%| O|  |TAMS 0x0000000081300000| PB 0x0000000081300000| Untracked 
|  20|0x0000000081400000, 0x0000000081500000, 0x0000000081500000|100%| O|  |TAMS 0x0000000081400000| PB 0x0000000081400000| Untracked 
|  21|0x0000000081500000, 0x0000000081600000, 0x0000000081600000|100%| O|  |TAMS 0x0000000081500000| PB 0x0000000081500000| Untracked 
|  22|0x0000000081600000, 0x0000000081700000, 0x0000000081700000|100%| O|  |TAMS 0x0000000081600000| PB 0x0000000081600000| Untracked 
|  23|0x0000000081700000, 0x0000000081800000, 0x0000000081800000|100%|HS|  |TAMS 0x0000000081700000| PB 0x0000000081700000| Complete 
|  24|0x0000000081800000, 0x0000000081900000, 0x0000000081900000|100%|HC|  |TAMS 0x0000000081800000| PB 0x0000000081800000| Complete 
|  25|0x0000000081900000, 0x0000000081a00000, 0x0000000081a00000|100%| O|  |TAMS 0x0000000081900000| PB 0x0000000081900000| Untracked 
|  26|0x0000000081a00000, 0x0000000081b00000, 0x0000000081b00000|100%|HS|  |TAMS 0x0000000081a00000| PB 0x0000000081a00000| Complete 
|  27|0x0000000081b00000, 0x0000000081c00000, 0x0000000081c00000|100%|HS|  |TAMS 0x0000000081b00000| PB 0x0000000081b00000| Complete 
|  28|0x0000000081c00000, 0x0000000081d00000, 0x0000000081d00000|100%| O|  |TAMS 0x0000000081c00000| PB 0x0000000081c00000| Untracked 
|  29|0x0000000081d00000, 0x0000000081e00000, 0x0000000081e00000|100%|HS|  |TAMS 0x0000000081d00000| PB 0x0000000081d00000| Complete 
|  30|0x0000000081e00000, 0x0000000081f00000, 0x0000000081f00000|100%|HC|  |TAMS 0x0000000081e00000| PB 0x0000000081e00000| Complete 
|  31|0x0000000081f00000, 0x0000000082000000, 0x0000000082000000|100%|HC|  |TAMS 0x0000000081f00000| PB 0x0000000081f00000| Complete 
|  32|0x0000000082000000, 0x0000000082100000, 0x0000000082100000|100%|HC|  |TAMS 0x0000000082000000| PB 0x0000000082000000| Complete 
|  33|0x0000000082100000, 0x0000000082200000, 0x0000000082200000|100%|HC|  |TAMS 0x0000000082100000| PB 0x0000000082100000| Complete 
|  34|0x0000000082200000, 0x0000000082300000, 0x0000000082300000|100%|HC|  |TAMS 0x0000000082200000| PB 0x0000000082200000| Complete 
|  35|0x0000000082300000, 0x0000000082400000, 0x0000000082400000|100%|HS|  |TAMS 0x0000000082300000| PB 0x0000000082300000| Complete 
|  36|0x0000000082400000, 0x0000000082500000, 0x0000000082500000|100%|HC|  |TAMS 0x0000000082400000| PB 0x0000000082400000| Complete 
|  37|0x0000000082500000, 0x0000000082600000, 0x0000000082600000|100%|HC|  |TAMS 0x0000000082500000| PB 0x0000000082500000| Complete 
|  38|0x0000000082600000, 0x0000000082700000, 0x0000000082700000|100%|HC|  |TAMS 0x0000000082600000| PB 0x0000000082600000| Complete 
|  39|0x0000000082700000, 0x0000000082800000, 0x0000000082800000|100%|HC|  |TAMS 0x0000000082700000| PB 0x0000000082700000| Complete 
|  40|0x0000000082800000, 0x0000000082900000, 0x0000000082900000|100%|HC|  |TAMS 0x0000000082800000| PB 0x0000000082800000| Complete 
|  41|0x0000000082900000, 0x0000000082a00000, 0x0000000082a00000|100%|HS|  |TAMS 0x0000000082900000| PB 0x0000000082900000| Complete 
|  42|0x0000000082a00000, 0x0000000082b00000, 0x0000000082b00000|100%|HC|  |TAMS 0x0000000082a00000| PB 0x0000000082a00000| Complete 
|  43|0x0000000082b00000, 0x0000000082c00000, 0x0000000082c00000|100%| O|  |TAMS 0x0000000082b00000| PB 0x0000000082b00000| Untracked 
|  44|0x0000000082c00000, 0x0000000082d00000, 0x0000000082d00000|100%| O|  |TAMS 0x0000000082c00000| PB 0x0000000082c00000| Untracked 
|  45|0x0000000082d00000, 0x0000000082e00000, 0x0000000082e00000|100%| O|  |TAMS 0x0000000082d00000| PB 0x0000000082d00000| Untracked 
|  46|0x0000000082e00000, 0x0000000082f00000, 0x0000000082f00000|100%| O|  |TAMS 0x0000000082e00000| PB 0x0000000082e00000| Untracked 
|  47|0x0000000082f00000, 0x0000000083000000, 0x0000000083000000|100%| O|  |TAMS 0x0000000082f00000| PB 0x0000000082f00000| Untracked 
|  48|0x0000000083000000, 0x0000000083100000, 0x0000000083100000|100%| O|  |TAMS 0x0000000083000000| PB 0x0000000083000000| Untracked 
|  49|0x0000000083100000, 0x0000000083200000, 0x0000000083200000|100%|HS|  |TAMS 0x0000000083100000| PB 0x0000000083100000| Complete 
|  50|0x0000000083200000, 0x0000000083300000, 0x0000000083300000|100%|HC|  |TAMS 0x0000000083200000| PB 0x0000000083200000| Complete 
|  51|0x0000000083300000, 0x0000000083400000, 0x0000000083400000|100%| O|  |TAMS 0x0000000083300000| PB 0x0000000083300000| Untracked 
|  52|0x0000000083400000, 0x0000000083500000, 0x0000000083500000|100%| O|  |TAMS 0x0000000083400000| PB 0x0000000083400000| Untracked 
|  53|0x0000000083500000, 0x0000000083600000, 0x0000000083600000|100%| O|  |TAMS 0x0000000083500000| PB 0x0000000083500000| Untracked 
|  54|0x0000000083600000, 0x0000000083700000, 0x0000000083700000|100%| O|  |TAMS 0x0000000083600000| PB 0x0000000083600000| Untracked 
|  55|0x0000000083700000, 0x0000000083800000, 0x0000000083800000|100%| O|  |TAMS 0x0000000083700000| PB 0x0000000083700000| Untracked 
|  56|0x0000000083800000, 0x0000000083900000, 0x0000000083900000|100%| O|  |TAMS 0x0000000083800000| PB 0x0000000083800000| Untracked 
|  57|0x0000000083900000, 0x0000000083a00000, 0x0000000083a00000|100%| O|  |TAMS 0x0000000083900000| PB 0x0000000083900000| Untracked 
|  58|0x0000000083a00000, 0x0000000083b00000, 0x0000000083b00000|100%| O|  |TAMS 0x0000000083a00000| PB 0x0000000083a00000| Untracked 
|  59|0x0000000083b00000, 0x0000000083c00000, 0x0000000083c00000|100%| O|  |TAMS 0x0000000083b00000| PB 0x0000000083b00000| Untracked 
|  60|0x0000000083c00000, 0x0000000083d00000, 0x0000000083d00000|100%| O|  |TAMS 0x0000000083c00000| PB 0x0000000083c00000| Untracked 
|  61|0x0000000083d00000, 0x0000000083e00000, 0x0000000083e00000|100%| O|  |TAMS 0x0000000083d00000| PB 0x0000000083d00000| Untracked 
|  62|0x0000000083e00000, 0x0000000083f00000, 0x0000000083f00000|100%| O|  |TAMS 0x0000000083e00000| PB 0x0000000083e00000| Untracked 
|  63|0x0000000083f00000, 0x0000000084000000, 0x0000000084000000|100%| O|  |TAMS 0x0000000083f00000| PB 0x0000000083f00000| Untracked 
|  64|0x0000000084000000, 0x0000000084100000, 0x0000000084100000|100%| O|  |TAMS 0x0000000084000000| PB 0x0000000084000000| Untracked 
|  65|0x0000000084100000, 0x0000000084200000, 0x0000000084200000|100%| O|  |TAMS 0x0000000084100000| PB 0x0000000084100000| Untracked 
|  66|0x0000000084200000, 0x0000000084300000, 0x0000000084300000|100%| O|  |TAMS 0x0000000084200000| PB 0x0000000084200000| Untracked 
|  67|0x0000000084300000, 0x0000000084400000, 0x0000000084400000|100%| O|  |TAMS 0x0000000084300000| PB 0x0000000084300000| Untracked 
|  68|0x0000000084400000, 0x0000000084500000, 0x0000000084500000|100%| O|  |TAMS 0x0000000084400000| PB 0x0000000084400000| Untracked 
|  69|0x0000000084500000, 0x0000000084600000, 0x0000000084600000|100%| O|  |TAMS 0x0000000084500000| PB 0x0000000084500000| Untracked 
|  70|0x0000000084600000, 0x0000000084700000, 0x0000000084700000|100%| O|  |TAMS 0x0000000084600000| PB 0x0000000084600000| Untracked 
|  71|0x0000000084700000, 0x0000000084800000, 0x0000000084800000|100%| O|  |TAMS 0x0000000084700000| PB 0x0000000084700000| Untracked 
|  72|0x0000000084800000, 0x0000000084900000, 0x0000000084900000|100%| O|  |TAMS 0x0000000084800000| PB 0x0000000084800000| Untracked 
|  73|0x0000000084900000, 0x0000000084a00000, 0x0000000084a00000|100%| O|  |TAMS 0x0000000084900000| PB 0x0000000084900000| Untracked 
|  74|0x0000000084a00000, 0x0000000084b00000, 0x0000000084b00000|100%| O|  |TAMS 0x0000000084a00000| PB 0x0000000084a00000| Untracked 
|  75|0x0000000084b00000, 0x0000000084c00000, 0x0000000084c00000|100%| O|  |TAMS 0x0000000084b00000| PB 0x0000000084b00000| Untracked 
|  76|0x0000000084c00000, 0x0000000084d00000, 0x0000000084d00000|100%| O|  |TAMS 0x0000000084c00000| PB 0x0000000084c00000| Untracked 
|  77|0x0000000084d00000, 0x0000000084e00000, 0x0000000084e00000|100%| O|  |TAMS 0x0000000084d00000| PB 0x0000000084d00000| Untracked 
|  78|0x0000000084e00000, 0x0000000084f00000, 0x0000000084f00000|100%| O|  |TAMS 0x0000000084e00000| PB 0x0000000084e00000| Untracked 
|  79|0x0000000084f00000, 0x0000000085000000, 0x0000000085000000|100%| O|  |TAMS 0x0000000084f00000| PB 0x0000000084f00000| Untracked 
|  80|0x0000000085000000, 0x0000000085100000, 0x0000000085100000|100%| O|  |TAMS 0x0000000085000000| PB 0x0000000085000000| Untracked 
|  81|0x0000000085100000, 0x0000000085200000, 0x0000000085200000|100%| O|  |TAMS 0x0000000085100000| PB 0x0000000085100000| Untracked 
|  82|0x0000000085200000, 0x0000000085300000, 0x0000000085300000|100%| O|  |TAMS 0x0000000085200000| PB 0x0000000085200000| Untracked 
|  83|0x0000000085300000, 0x0000000085400000, 0x0000000085400000|100%| O|  |TAMS 0x0000000085300000| PB 0x0000000085300000| Untracked 
|  84|0x0000000085400000, 0x0000000085500000, 0x0000000085500000|100%| O|  |TAMS 0x0000000085400000| PB 0x0000000085400000| Untracked 
|  85|0x0000000085500000, 0x0000000085600000, 0x0000000085600000|100%| O|  |TAMS 0x0000000085500000| PB 0x0000000085500000| Untracked 
|  86|0x0000000085600000, 0x0000000085700000, 0x0000000085700000|100%| O|  |TAMS 0x0000000085600000| PB 0x0000000085600000| Untracked 
|  87|0x0000000085700000, 0x0000000085800000, 0x0000000085800000|100%| O|  |TAMS 0x0000000085700000| PB 0x0000000085700000| Untracked 
|  88|0x0000000085800000, 0x0000000085900000, 0x0000000085900000|100%| O|  |TAMS 0x0000000085800000| PB 0x0000000085800000| Untracked 
|  89|0x0000000085900000, 0x0000000085a00000, 0x0000000085a00000|100%| O|  |TAMS 0x0000000085900000| PB 0x0000000085900000| Untracked 
|  90|0x0000000085a00000, 0x0000000085b00000, 0x0000000085b00000|100%| O|  |TAMS 0x0000000085a00000| PB 0x0000000085a00000| Untracked 
|  91|0x0000000085b00000, 0x0000000085c00000, 0x0000000085c00000|100%| O|  |TAMS 0x0000000085b00000| PB 0x0000000085b00000| Untracked 
|  92|0x0000000085c00000, 0x0000000085d00000, 0x0000000085d00000|100%| O|  |TAMS 0x0000000085c00000| PB 0x0000000085c00000| Untracked 
|  93|0x0000000085d00000, 0x0000000085e00000, 0x0000000085e00000|100%| O|  |TAMS 0x0000000085d00000| PB 0x0000000085d00000| Untracked 
|  94|0x0000000085e00000, 0x0000000085f00000, 0x0000000085f00000|100%| O|  |TAMS 0x0000000085e00000| PB 0x0000000085e00000| Untracked 
|  95|0x0000000085f00000, 0x0000000086000000, 0x0000000086000000|100%| O|  |TAMS 0x0000000085f00000| PB 0x0000000085f00000| Untracked 
|  96|0x0000000086000000, 0x0000000086100000, 0x0000000086100000|100%| O|  |TAMS 0x0000000086000000| PB 0x0000000086000000| Untracked 
|  97|0x0000000086100000, 0x0000000086200000, 0x0000000086200000|100%| O|  |TAMS 0x0000000086100000| PB 0x0000000086100000| Untracked 
|  98|0x0000000086200000, 0x0000000086300000, 0x0000000086300000|100%| O|  |TAMS 0x0000000086200000| PB 0x0000000086200000| Untracked 
|  99|0x0000000086300000, 0x0000000086400000, 0x0000000086400000|100%| O|  |TAMS 0x0000000086300000| PB 0x0000000086300000| Untracked 
| 100|0x0000000086400000, 0x0000000086500000, 0x0000000086500000|100%| O|  |TAMS 0x0000000086400000| PB 0x0000000086400000| Untracked 
| 101|0x0000000086500000, 0x0000000086600000, 0x0000000086600000|100%| O|  |TAMS 0x0000000086500000| PB 0x0000000086500000| Untracked 
| 102|0x0000000086600000, 0x0000000086700000, 0x0000000086700000|100%| O|  |TAMS 0x0000000086600000| PB 0x0000000086600000| Untracked 
| 103|0x0000000086700000, 0x0000000086800000, 0x0000000086800000|100%| O|  |TAMS 0x0000000086700000| PB 0x0000000086700000| Untracked 
| 104|0x0000000086800000, 0x0000000086900000, 0x0000000086900000|100%| O|  |TAMS 0x0000000086800000| PB 0x0000000086800000| Untracked 
| 105|0x0000000086900000, 0x0000000086a00000, 0x0000000086a00000|100%| O|  |TAMS 0x0000000086900000| PB 0x0000000086900000| Untracked 
| 106|0x0000000086a00000, 0x0000000086b00000, 0x0000000086b00000|100%| O|  |TAMS 0x0000000086a00000| PB 0x0000000086a00000| Untracked 
| 107|0x0000000086b00000, 0x0000000086c00000, 0x0000000086c00000|100%| O|  |TAMS 0x0000000086b00000| PB 0x0000000086b00000| Untracked 
| 108|0x0000000086c00000, 0x0000000086d00000, 0x0000000086d00000|100%| O|  |TAMS 0x0000000086c00000| PB 0x0000000086c00000| Untracked 
| 109|0x0000000086d00000, 0x0000000086e00000, 0x0000000086e00000|100%| O|  |TAMS 0x0000000086d00000| PB 0x0000000086d00000| Untracked 
| 110|0x0000000086e00000, 0x0000000086f00000, 0x0000000086f00000|100%| O|  |TAMS 0x0000000086e00000| PB 0x0000000086e00000| Untracked 
| 111|0x0000000086f00000, 0x0000000087000000, 0x0000000087000000|100%|HS|  |TAMS 0x0000000086f00000| PB 0x0000000086f00000| Complete 
| 112|0x0000000087000000, 0x0000000087100000, 0x0000000087100000|100%| O|  |TAMS 0x0000000087000000| PB 0x0000000087000000| Untracked 
| 113|0x0000000087100000, 0x0000000087200000, 0x0000000087200000|100%| O|  |TAMS 0x0000000087100000| PB 0x0000000087100000| Untracked 
| 114|0x0000000087200000, 0x0000000087300000, 0x0000000087300000|100%| O|  |TAMS 0x0000000087200000| PB 0x0000000087200000| Untracked 
| 115|0x0000000087300000, 0x0000000087400000, 0x0000000087400000|100%| O|  |TAMS 0x0000000087300000| PB 0x0000000087300000| Untracked 
| 116|0x0000000087400000, 0x0000000087500000, 0x0000000087500000|100%| O|  |TAMS 0x0000000087400000| PB 0x0000000087400000| Untracked 
| 117|0x0000000087500000, 0x0000000087600000, 0x0000000087600000|100%| O|  |TAMS 0x0000000087500000| PB 0x0000000087500000| Untracked 
| 118|0x0000000087600000, 0x0000000087700000, 0x0000000087700000|100%| O|  |TAMS 0x0000000087600000| PB 0x0000000087600000| Untracked 
| 119|0x0000000087700000, 0x0000000087800000, 0x0000000087800000|100%| O|  |TAMS 0x0000000087700000| PB 0x0000000087700000| Untracked 
| 120|0x0000000087800000, 0x0000000087900000, 0x0000000087900000|100%| O|  |TAMS 0x0000000087800000| PB 0x0000000087800000| Untracked 
| 121|0x0000000087900000, 0x0000000087a00000, 0x0000000087a00000|100%| O|  |TAMS 0x0000000087900000| PB 0x0000000087900000| Untracked 
| 122|0x0000000087a00000, 0x0000000087b00000, 0x0000000087b00000|100%|HS|  |TAMS 0x0000000087a00000| PB 0x0000000087a00000| Complete 
| 123|0x0000000087b00000, 0x0000000087c00000, 0x0000000087c00000|100%|HC|  |TAMS 0x0000000087b00000| PB 0x0000000087b00000| Complete 
| 124|0x0000000087c00000, 0x0000000087d00000, 0x0000000087d00000|100%| O|  |TAMS 0x0000000087c00000| PB 0x0000000087c00000| Untracked 
| 125|0x0000000087d00000, 0x0000000087e00000, 0x0000000087e00000|100%| O|  |TAMS 0x0000000087d00000| PB 0x0000000087d00000| Untracked 
| 126|0x0000000087e00000, 0x0000000087f00000, 0x0000000087f00000|100%| O|  |TAMS 0x0000000087e00000| PB 0x0000000087e00000| Untracked 
| 127|0x0000000087f00000, 0x0000000088000000, 0x0000000088000000|100%| O|  |TAMS 0x0000000087f00000| PB 0x0000000087f00000| Untracked 
| 128|0x0000000088000000, 0x0000000088100000, 0x0000000088100000|100%| O|  |TAMS 0x0000000088000000| PB 0x0000000088000000| Untracked 
| 129|0x0000000088100000, 0x0000000088200000, 0x0000000088200000|100%| O|  |TAMS 0x0000000088100000| PB 0x0000000088100000| Untracked 
| 130|0x0000000088200000, 0x0000000088300000, 0x0000000088300000|100%| O|  |TAMS 0x0000000088200000| PB 0x0000000088200000| Untracked 
| 131|0x0000000088300000, 0x0000000088400000, 0x0000000088400000|100%| O|  |TAMS 0x0000000088300000| PB 0x0000000088300000| Untracked 
| 132|0x0000000088400000, 0x0000000088500000, 0x0000000088500000|100%|HS|  |TAMS 0x0000000088400000| PB 0x0000000088400000| Complete 
| 133|0x0000000088500000, 0x0000000088600000, 0x0000000088600000|100%| O|  |TAMS 0x0000000088500000| PB 0x0000000088500000| Untracked 
| 134|0x0000000088600000, 0x0000000088700000, 0x0000000088700000|100%| O|  |TAMS 0x0000000088600000| PB 0x0000000088600000| Untracked 
| 135|0x0000000088700000, 0x0000000088800000, 0x0000000088800000|100%|HS|  |TAMS 0x0000000088700000| PB 0x0000000088700000| Complete 
| 136|0x0000000088800000, 0x0000000088900000, 0x0000000088900000|100%|HS|  |TAMS 0x0000000088800000| PB 0x0000000088800000| Complete 
| 137|0x0000000088900000, 0x0000000088a00000, 0x0000000088a00000|100%| O|  |TAMS 0x0000000088900000| PB 0x0000000088900000| Untracked 
| 138|0x0000000088a00000, 0x0000000088b00000, 0x0000000088b00000|100%| O|  |TAMS 0x0000000088a00000| PB 0x0000000088a00000| Untracked 
| 139|0x0000000088b00000, 0x0000000088c00000, 0x0000000088c00000|100%| O|  |TAMS 0x0000000088b00000| PB 0x0000000088b00000| Untracked 
| 140|0x0000000088c00000, 0x0000000088d00000, 0x0000000088d00000|100%| O|  |TAMS 0x0000000088c00000| PB 0x0000000088c00000| Untracked 
| 141|0x0000000088d00000, 0x0000000088e00000, 0x0000000088e00000|100%| O|  |TAMS 0x0000000088d00000| PB 0x0000000088d00000| Untracked 
| 142|0x0000000088e00000, 0x0000000088f00000, 0x0000000088f00000|100%| O|  |TAMS 0x0000000088e00000| PB 0x0000000088e00000| Untracked 
| 143|0x0000000088f00000, 0x0000000089000000, 0x0000000089000000|100%| O|  |TAMS 0x0000000088f00000| PB 0x0000000088f00000| Untracked 
| 144|0x0000000089000000, 0x0000000089100000, 0x0000000089100000|100%| O|  |TAMS 0x0000000089000000| PB 0x0000000089000000| Untracked 
| 145|0x0000000089100000, 0x0000000089200000, 0x0000000089200000|100%| O|  |TAMS 0x0000000089100000| PB 0x0000000089100000| Untracked 
| 146|0x0000000089200000, 0x0000000089300000, 0x0000000089300000|100%| O|  |TAMS 0x0000000089200000| PB 0x0000000089200000| Untracked 
| 147|0x0000000089300000, 0x0000000089400000, 0x0000000089400000|100%| O|  |TAMS 0x0000000089300000| PB 0x0000000089300000| Untracked 
| 148|0x0000000089400000, 0x0000000089500000, 0x0000000089500000|100%|HS|  |TAMS 0x0000000089400000| PB 0x0000000089400000| Complete 
| 149|0x0000000089500000, 0x0000000089600000, 0x0000000089600000|100%|HC|  |TAMS 0x0000000089500000| PB 0x0000000089500000| Complete 
| 150|0x0000000089600000, 0x0000000089700000, 0x0000000089700000|100%| O|  |TAMS 0x0000000089600000| PB 0x0000000089600000| Untracked 
| 151|0x0000000089700000, 0x0000000089800000, 0x0000000089800000|100%| O|  |TAMS 0x0000000089700000| PB 0x0000000089700000| Untracked 
| 152|0x0000000089800000, 0x0000000089900000, 0x0000000089900000|100%| O|  |TAMS 0x0000000089800000| PB 0x0000000089800000| Untracked 
| 153|0x0000000089900000, 0x0000000089a00000, 0x0000000089a00000|100%| O|Cm|TAMS 0x0000000089900000| PB 0x0000000089900000| Complete 
| 154|0x0000000089a00000, 0x0000000089b00000, 0x0000000089b00000|100%| O|  |TAMS 0x0000000089a00000| PB 0x0000000089a00000| Untracked 
| 155|0x0000000089b00000, 0x0000000089c00000, 0x0000000089c00000|100%| O|  |TAMS 0x0000000089b00000| PB 0x0000000089b00000| Untracked 
| 156|0x0000000089c00000, 0x0000000089d00000, 0x0000000089d00000|100%| O|  |TAMS 0x0000000089c00000| PB 0x0000000089c00000| Untracked 
| 157|0x0000000089d00000, 0x0000000089e00000, 0x0000000089e00000|100%| O|  |TAMS 0x0000000089d00000| PB 0x0000000089d00000| Untracked 
| 158|0x0000000089e00000, 0x0000000089f00000, 0x0000000089f00000|100%| O|  |TAMS 0x0000000089e00000| PB 0x0000000089e00000| Untracked 
| 159|0x0000000089f00000, 0x000000008a000000, 0x000000008a000000|100%| O|  |TAMS 0x0000000089f00000| PB 0x0000000089f00000| Untracked 
| 160|0x000000008a000000, 0x000000008a100000, 0x000000008a100000|100%| O|  |TAMS 0x000000008a000000| PB 0x000000008a000000| Untracked 
| 161|0x000000008a100000, 0x000000008a200000, 0x000000008a200000|100%| O|  |TAMS 0x000000008a100000| PB 0x000000008a100000| Untracked 
| 162|0x000000008a200000, 0x000000008a300000, 0x000000008a300000|100%| O|  |TAMS 0x000000008a200000| PB 0x000000008a200000| Untracked 
| 163|0x000000008a300000, 0x000000008a400000, 0x000000008a400000|100%|HS|  |TAMS 0x000000008a300000| PB 0x000000008a300000| Complete 
| 164|0x000000008a400000, 0x000000008a500000, 0x000000008a500000|100%| O|  |TAMS 0x000000008a400000| PB 0x000000008a400000| Untracked 
| 165|0x000000008a500000, 0x000000008a600000, 0x000000008a600000|100%| O|  |TAMS 0x000000008a500000| PB 0x000000008a500000| Untracked 
| 166|0x000000008a600000, 0x000000008a700000, 0x000000008a700000|100%| O|  |TAMS 0x000000008a600000| PB 0x000000008a600000| Untracked 
| 167|0x000000008a700000, 0x000000008a700000, 0x000000008a800000|  0%| F|  |TAMS 0x000000008a700000| PB 0x000000008a700000| Untracked 
| 168|0x000000008a800000, 0x000000008a900000, 0x000000008a900000|100%| O|  |TAMS 0x000000008a800000| PB 0x000000008a800000| Untracked 
| 169|0x000000008a900000, 0x000000008aa00000, 0x000000008aa00000|100%| O|  |TAMS 0x000000008a900000| PB 0x000000008a900000| Untracked 
| 170|0x000000008aa00000, 0x000000008aa00000, 0x000000008ab00000|  0%| F|  |TAMS 0x000000008aa00000| PB 0x000000008aa00000| Untracked 
| 171|0x000000008ab00000, 0x000000008ab00000, 0x000000008ac00000|  0%| F|  |TAMS 0x000000008ab00000| PB 0x000000008ab00000| Untracked 
| 172|0x000000008ac00000, 0x000000008ad00000, 0x000000008ad00000|100%| O|  |TAMS 0x000000008ac00000| PB 0x000000008ac00000| Untracked 
| 173|0x000000008ad00000, 0x000000008ae00000, 0x000000008ae00000|100%| O|  |TAMS 0x000000008ad00000| PB 0x000000008ad00000| Untracked 
| 174|0x000000008ae00000, 0x000000008af00000, 0x000000008af00000|100%| O|  |TAMS 0x000000008ae00000| PB 0x000000008ae00000| Untracked 
| 175|0x000000008af00000, 0x000000008b000000, 0x000000008b000000|100%| O|  |TAMS 0x000000008af00000| PB 0x000000008af00000| Untracked 
| 176|0x000000008b000000, 0x000000008b100000, 0x000000008b100000|100%| O|  |TAMS 0x000000008b000000| PB 0x000000008b000000| Untracked 
| 177|0x000000008b100000, 0x000000008b13c900, 0x000000008b200000| 23%| O|  |TAMS 0x000000008b100000| PB 0x000000008b100000| Untracked 
| 178|0x000000008b200000, 0x000000008b200000, 0x000000008b300000|  0%| F|  |TAMS 0x000000008b200000| PB 0x000000008b200000| Untracked 
| 179|0x000000008b300000, 0x000000008b400000, 0x000000008b400000|100%| O|Cm|TAMS 0x000000008b300000| PB 0x000000008b300000| Complete 
| 180|0x000000008b400000, 0x000000008b400000, 0x000000008b500000|  0%| F|  |TAMS 0x000000008b400000| PB 0x000000008b400000| Untracked 
| 181|0x000000008b500000, 0x000000008b500000, 0x000000008b600000|  0%| F|  |TAMS 0x000000008b500000| PB 0x000000008b500000| Untracked 
| 182|0x000000008b600000, 0x000000008b600000, 0x000000008b700000|  0%| F|  |TAMS 0x000000008b600000| PB 0x000000008b600000| Untracked 
| 183|0x000000008b700000, 0x000000008b700000, 0x000000008b800000|  0%| F|  |TAMS 0x000000008b700000| PB 0x000000008b700000| Untracked 
| 184|0x000000008b800000, 0x000000008b800000, 0x000000008b900000|  0%| F|  |TAMS 0x000000008b800000| PB 0x000000008b800000| Untracked 
| 185|0x000000008b900000, 0x000000008b900000, 0x000000008ba00000|  0%| F|  |TAMS 0x000000008b900000| PB 0x000000008b900000| Untracked 
| 186|0x000000008ba00000, 0x000000008ba00000, 0x000000008bb00000|  0%| F|  |TAMS 0x000000008ba00000| PB 0x000000008ba00000| Untracked 
| 187|0x000000008bb00000, 0x000000008bb00000, 0x000000008bc00000|  0%| F|  |TAMS 0x000000008bb00000| PB 0x000000008bb00000| Untracked 
| 188|0x000000008bc00000, 0x000000008bc00000, 0x000000008bd00000|  0%| F|  |TAMS 0x000000008bc00000| PB 0x000000008bc00000| Untracked 
| 189|0x000000008bd00000, 0x000000008bd00000, 0x000000008be00000|  0%| F|  |TAMS 0x000000008bd00000| PB 0x000000008bd00000| Untracked 
| 190|0x000000008be00000, 0x000000008be00000, 0x000000008bf00000|  0%| F|  |TAMS 0x000000008be00000| PB 0x000000008be00000| Untracked 
| 191|0x000000008bf00000, 0x000000008c000000, 0x000000008c000000|100%| O|  |TAMS 0x000000008bf00000| PB 0x000000008bf00000| Untracked 
| 192|0x000000008c000000, 0x000000008c100000, 0x000000008c100000|100%|HS|  |TAMS 0x000000008c000000| PB 0x000000008c000000| Complete 
| 193|0x000000008c100000, 0x000000008c200000, 0x000000008c200000|100%|HC|  |TAMS 0x000000008c100000| PB 0x000000008c100000| Complete 
| 194|0x000000008c200000, 0x000000008c300000, 0x000000008c300000|100%|HS|  |TAMS 0x000000008c200000| PB 0x000000008c200000| Complete 
| 195|0x000000008c300000, 0x000000008c400000, 0x000000008c400000|100%|HS|  |TAMS 0x000000008c300000| PB 0x000000008c300000| Complete 
| 196|0x000000008c400000, 0x000000008c500000, 0x000000008c500000|100%|HC|  |TAMS 0x000000008c400000| PB 0x000000008c400000| Complete 
| 197|0x000000008c500000, 0x000000008c600000, 0x000000008c600000|100%|HC|  |TAMS 0x000000008c500000| PB 0x000000008c500000| Complete 
| 198|0x000000008c600000, 0x000000008c700000, 0x000000008c700000|100%|HS|  |TAMS 0x000000008c600000| PB 0x000000008c600000| Complete 
| 199|0x000000008c700000, 0x000000008c800000, 0x000000008c800000|100%|HS|  |TAMS 0x000000008c700000| PB 0x000000008c700000| Complete 
| 200|0x000000008c800000, 0x000000008c900000, 0x000000008c900000|100%| O|  |TAMS 0x000000008c800000| PB 0x000000008c800000| Untracked 
| 201|0x000000008c900000, 0x000000008ca00000, 0x000000008ca00000|100%|HS|  |TAMS 0x000000008c900000| PB 0x000000008c900000| Complete 
| 202|0x000000008ca00000, 0x000000008cb00000, 0x000000008cb00000|100%| O|  |TAMS 0x000000008ca00000| PB 0x000000008ca00000| Untracked 
| 203|0x000000008cb00000, 0x000000008cc00000, 0x000000008cc00000|100%| O|  |TAMS 0x000000008cb00000| PB 0x000000008cb00000| Untracked 
| 204|0x000000008cc00000, 0x000000008cd00000, 0x000000008cd00000|100%| O|Cm|TAMS 0x000000008cc00000| PB 0x000000008cc00000| Complete 
| 205|0x000000008cd00000, 0x000000008ce00000, 0x000000008ce00000|100%|HS|  |TAMS 0x000000008cd00000| PB 0x000000008cd00000| Complete 
| 206|0x000000008ce00000, 0x000000008cf00000, 0x000000008cf00000|100%| O|  |TAMS 0x000000008ce00000| PB 0x000000008ce00000| Untracked 
| 207|0x000000008cf00000, 0x000000008d000000, 0x000000008d000000|100%| O|  |TAMS 0x000000008cf00000| PB 0x000000008cf00000| Untracked 
| 208|0x000000008d000000, 0x000000008d100000, 0x000000008d100000|100%| O|Cm|TAMS 0x000000008d000000| PB 0x000000008d000000| Complete 
| 209|0x000000008d100000, 0x000000008d200000, 0x000000008d200000|100%| O|  |TAMS 0x000000008d100000| PB 0x000000008d100000| Untracked 
| 210|0x000000008d200000, 0x000000008d300000, 0x000000008d300000|100%| O|  |TAMS 0x000000008d200000| PB 0x000000008d200000| Untracked 
| 211|0x000000008d300000, 0x000000008d400000, 0x000000008d400000|100%| O|  |TAMS 0x000000008d300000| PB 0x000000008d300000| Untracked 
| 212|0x000000008d400000, 0x000000008d500000, 0x000000008d500000|100%| O|  |TAMS 0x000000008d400000| PB 0x000000008d400000| Untracked 
| 213|0x000000008d500000, 0x000000008d600000, 0x000000008d600000|100%| O|  |TAMS 0x000000008d500000| PB 0x000000008d500000| Untracked 
| 214|0x000000008d600000, 0x000000008d700000, 0x000000008d700000|100%| O|  |TAMS 0x000000008d600000| PB 0x000000008d600000| Untracked 
| 215|0x000000008d700000, 0x000000008d800000, 0x000000008d800000|100%| O|  |TAMS 0x000000008d700000| PB 0x000000008d700000| Untracked 
| 216|0x000000008d800000, 0x000000008d900000, 0x000000008d900000|100%| O|  |TAMS 0x000000008d800000| PB 0x000000008d800000| Untracked 
| 217|0x000000008d900000, 0x000000008da00000, 0x000000008da00000|100%| O|  |TAMS 0x000000008d900000| PB 0x000000008d900000| Untracked 
| 218|0x000000008da00000, 0x000000008db00000, 0x000000008db00000|100%|HS|  |TAMS 0x000000008da00000| PB 0x000000008da00000| Complete 
| 219|0x000000008db00000, 0x000000008dc00000, 0x000000008dc00000|100%|HC|  |TAMS 0x000000008db00000| PB 0x000000008db00000| Complete 
| 220|0x000000008dc00000, 0x000000008dd00000, 0x000000008dd00000|100%|HC|  |TAMS 0x000000008dc00000| PB 0x000000008dc00000| Complete 
| 221|0x000000008dd00000, 0x000000008dd00000, 0x000000008de00000|  0%| F|  |TAMS 0x000000008dd00000| PB 0x000000008dd00000| Untracked 
| 222|0x000000008de00000, 0x000000008de00000, 0x000000008df00000|  0%| F|  |TAMS 0x000000008de00000| PB 0x000000008de00000| Untracked 
| 223|0x000000008df00000, 0x000000008df00000, 0x000000008e000000|  0%| F|  |TAMS 0x000000008df00000| PB 0x000000008df00000| Untracked 
| 224|0x000000008e000000, 0x000000008e000000, 0x000000008e100000|  0%| F|  |TAMS 0x000000008e000000| PB 0x000000008e000000| Untracked 
| 225|0x000000008e100000, 0x000000008e100000, 0x000000008e200000|  0%| F|  |TAMS 0x000000008e100000| PB 0x000000008e100000| Untracked 
| 226|0x000000008e200000, 0x000000008e200000, 0x000000008e300000|  0%| F|  |TAMS 0x000000008e200000| PB 0x000000008e200000| Untracked 
| 227|0x000000008e300000, 0x000000008e300000, 0x000000008e400000|  0%| F|  |TAMS 0x000000008e300000| PB 0x000000008e300000| Untracked 
| 228|0x000000008e400000, 0x000000008e400000, 0x000000008e500000|  0%| F|  |TAMS 0x000000008e400000| PB 0x000000008e400000| Untracked 
| 229|0x000000008e500000, 0x000000008e500000, 0x000000008e600000|  0%| F|  |TAMS 0x000000008e500000| PB 0x000000008e500000| Untracked 
| 230|0x000000008e600000, 0x000000008e600000, 0x000000008e700000|  0%| F|  |TAMS 0x000000008e600000| PB 0x000000008e600000| Untracked 
| 231|0x000000008e700000, 0x000000008e700000, 0x000000008e800000|  0%| F|  |TAMS 0x000000008e700000| PB 0x000000008e700000| Untracked 
| 232|0x000000008e800000, 0x000000008e800000, 0x000000008e900000|  0%| F|  |TAMS 0x000000008e800000| PB 0x000000008e800000| Untracked 
| 233|0x000000008e900000, 0x000000008e900000, 0x000000008ea00000|  0%| F|  |TAMS 0x000000008e900000| PB 0x000000008e900000| Untracked 
| 234|0x000000008ea00000, 0x000000008ea00000, 0x000000008eb00000|  0%| F|  |TAMS 0x000000008ea00000| PB 0x000000008ea00000| Untracked 
| 235|0x000000008eb00000, 0x000000008eb00000, 0x000000008ec00000|  0%| F|  |TAMS 0x000000008eb00000| PB 0x000000008eb00000| Untracked 
| 236|0x000000008ec00000, 0x000000008ec00000, 0x000000008ed00000|  0%| F|  |TAMS 0x000000008ec00000| PB 0x000000008ec00000| Untracked 
| 237|0x000000008ed00000, 0x000000008ed00000, 0x000000008ee00000|  0%| F|  |TAMS 0x000000008ed00000| PB 0x000000008ed00000| Untracked 
| 238|0x000000008ee00000, 0x000000008ee00000, 0x000000008ef00000|  0%| F|  |TAMS 0x000000008ee00000| PB 0x000000008ee00000| Untracked 
| 239|0x000000008ef00000, 0x000000008ef00000, 0x000000008f000000|  0%| F|  |TAMS 0x000000008ef00000| PB 0x000000008ef00000| Untracked 
| 240|0x000000008f000000, 0x000000008f07e140, 0x000000008f100000| 49%| S|CS|TAMS 0x000000008f000000| PB 0x000000008f000000| Complete 
| 241|0x000000008f100000, 0x000000008f200000, 0x000000008f200000|100%| S|CS|TAMS 0x000000008f100000| PB 0x000000008f100000| Complete 
| 242|0x000000008f200000, 0x000000008f300000, 0x000000008f300000|100%| S|CS|TAMS 0x000000008f200000| PB 0x000000008f200000| Complete 
| 243|0x000000008f300000, 0x000000008f400000, 0x000000008f400000|100%| S|CS|TAMS 0x000000008f300000| PB 0x000000008f300000| Complete 
| 244|0x000000008f400000, 0x000000008f500000, 0x000000008f500000|100%| S|CS|TAMS 0x000000008f400000| PB 0x000000008f400000| Complete 
| 245|0x000000008f500000, 0x000000008f600000, 0x000000008f600000|100%| S|CS|TAMS 0x000000008f500000| PB 0x000000008f500000| Complete 
| 246|0x000000008f600000, 0x000000008f700000, 0x000000008f700000|100%| S|CS|TAMS 0x000000008f600000| PB 0x000000008f600000| Complete 
| 247|0x000000008f700000, 0x000000008f700000, 0x000000008f800000|  0%| F|  |TAMS 0x000000008f700000| PB 0x000000008f700000| Untracked 
| 248|0x000000008f800000, 0x000000008f800000, 0x000000008f900000|  0%| F|  |TAMS 0x000000008f800000| PB 0x000000008f800000| Untracked 
| 249|0x000000008f900000, 0x000000008f900000, 0x000000008fa00000|  0%| F|  |TAMS 0x000000008f900000| PB 0x000000008f900000| Untracked 
| 250|0x000000008fa00000, 0x000000008fa00000, 0x000000008fb00000|  0%| F|  |TAMS 0x000000008fa00000| PB 0x000000008fa00000| Untracked 
| 251|0x000000008fb00000, 0x000000008fb00000, 0x000000008fc00000|  0%| F|  |TAMS 0x000000008fb00000| PB 0x000000008fb00000| Untracked 
| 252|0x000000008fc00000, 0x000000008fc00000, 0x000000008fd00000|  0%| F|  |TAMS 0x000000008fc00000| PB 0x000000008fc00000| Untracked 
| 253|0x000000008fd00000, 0x000000008fd00000, 0x000000008fe00000|  0%| F|  |TAMS 0x000000008fd00000| PB 0x000000008fd00000| Untracked 
| 254|0x000000008fe00000, 0x000000008fe00000, 0x000000008ff00000|  0%| F|  |TAMS 0x000000008fe00000| PB 0x000000008fe00000| Untracked 
| 255|0x000000008ff00000, 0x000000008ff00000, 0x0000000090000000|  0%| F|  |TAMS 0x000000008ff00000| PB 0x000000008ff00000| Untracked 
| 256|0x0000000090000000, 0x0000000090000000, 0x0000000090100000|  0%| F|  |TAMS 0x0000000090000000| PB 0x0000000090000000| Untracked 
| 257|0x0000000090100000, 0x0000000090100000, 0x0000000090200000|  0%| F|  |TAMS 0x0000000090100000| PB 0x0000000090100000| Untracked 
| 258|0x0000000090200000, 0x0000000090200000, 0x0000000090300000|  0%| F|  |TAMS 0x0000000090200000| PB 0x0000000090200000| Untracked 
| 259|0x0000000090300000, 0x0000000090300000, 0x0000000090400000|  0%| F|  |TAMS 0x0000000090300000| PB 0x0000000090300000| Untracked 
| 260|0x0000000090400000, 0x0000000090400000, 0x0000000090500000|  0%| F|  |TAMS 0x0000000090400000| PB 0x0000000090400000| Untracked 
| 261|0x0000000090500000, 0x0000000090500000, 0x0000000090600000|  0%| F|  |TAMS 0x0000000090500000| PB 0x0000000090500000| Untracked 
| 262|0x0000000090600000, 0x0000000090600000, 0x0000000090700000|  0%| F|  |TAMS 0x0000000090600000| PB 0x0000000090600000| Untracked 
| 263|0x0000000090700000, 0x0000000090700000, 0x0000000090800000|  0%| F|  |TAMS 0x0000000090700000| PB 0x0000000090700000| Untracked 
| 264|0x0000000090800000, 0x0000000090800000, 0x0000000090900000|  0%| F|  |TAMS 0x0000000090800000| PB 0x0000000090800000| Untracked 
| 265|0x0000000090900000, 0x0000000090900000, 0x0000000090a00000|  0%| F|  |TAMS 0x0000000090900000| PB 0x0000000090900000| Untracked 
| 266|0x0000000090a00000, 0x0000000090a00000, 0x0000000090b00000|  0%| F|  |TAMS 0x0000000090a00000| PB 0x0000000090a00000| Untracked 
| 267|0x0000000090b00000, 0x0000000090b00000, 0x0000000090c00000|  0%| F|  |TAMS 0x0000000090b00000| PB 0x0000000090b00000| Untracked 
| 268|0x0000000090c00000, 0x0000000090c00000, 0x0000000090d00000|  0%| F|  |TAMS 0x0000000090c00000| PB 0x0000000090c00000| Untracked 
| 269|0x0000000090d00000, 0x0000000090d00000, 0x0000000090e00000|  0%| F|  |TAMS 0x0000000090d00000| PB 0x0000000090d00000| Untracked 
| 270|0x0000000090e00000, 0x0000000090e00000, 0x0000000090f00000|  0%| F|  |TAMS 0x0000000090e00000| PB 0x0000000090e00000| Untracked 
| 271|0x0000000090f00000, 0x0000000090f00000, 0x0000000091000000|  0%| F|  |TAMS 0x0000000090f00000| PB 0x0000000090f00000| Untracked 
| 272|0x0000000091000000, 0x0000000091000000, 0x0000000091100000|  0%| F|  |TAMS 0x0000000091000000| PB 0x0000000091000000| Untracked 
| 273|0x0000000091100000, 0x0000000091100000, 0x0000000091200000|  0%| F|  |TAMS 0x0000000091100000| PB 0x0000000091100000| Untracked 
| 274|0x0000000091200000, 0x0000000091200000, 0x0000000091300000|  0%| F|  |TAMS 0x0000000091200000| PB 0x0000000091200000| Untracked 
| 275|0x0000000091300000, 0x0000000091300000, 0x0000000091400000|  0%| F|  |TAMS 0x0000000091300000| PB 0x0000000091300000| Untracked 
| 276|0x0000000091400000, 0x0000000091400000, 0x0000000091500000|  0%| F|  |TAMS 0x0000000091400000| PB 0x0000000091400000| Untracked 
| 277|0x0000000091500000, 0x0000000091500000, 0x0000000091600000|  0%| F|  |TAMS 0x0000000091500000| PB 0x0000000091500000| Untracked 
| 278|0x0000000091600000, 0x0000000091600000, 0x0000000091700000|  0%| F|  |TAMS 0x0000000091600000| PB 0x0000000091600000| Untracked 
| 279|0x0000000091700000, 0x0000000091700000, 0x0000000091800000|  0%| F|  |TAMS 0x0000000091700000| PB 0x0000000091700000| Untracked 
| 280|0x0000000091800000, 0x0000000091800000, 0x0000000091900000|  0%| F|  |TAMS 0x0000000091800000| PB 0x0000000091800000| Untracked 
| 281|0x0000000091900000, 0x0000000091900000, 0x0000000091a00000|  0%| F|  |TAMS 0x0000000091900000| PB 0x0000000091900000| Untracked 
| 282|0x0000000091a00000, 0x0000000091a00000, 0x0000000091b00000|  0%| F|  |TAMS 0x0000000091a00000| PB 0x0000000091a00000| Untracked 
| 283|0x0000000091b00000, 0x0000000091b00000, 0x0000000091c00000|  0%| F|  |TAMS 0x0000000091b00000| PB 0x0000000091b00000| Untracked 
| 284|0x0000000091c00000, 0x0000000091c00000, 0x0000000091d00000|  0%| F|  |TAMS 0x0000000091c00000| PB 0x0000000091c00000| Untracked 
| 285|0x0000000091d00000, 0x0000000091d00000, 0x0000000091e00000|  0%| F|  |TAMS 0x0000000091d00000| PB 0x0000000091d00000| Untracked 
| 286|0x0000000091e00000, 0x0000000091e00000, 0x0000000091f00000|  0%| F|  |TAMS 0x0000000091e00000| PB 0x0000000091e00000| Untracked 
| 287|0x0000000091f00000, 0x0000000091f00000, 0x0000000092000000|  0%| F|  |TAMS 0x0000000091f00000| PB 0x0000000091f00000| Untracked 
| 288|0x0000000092000000, 0x0000000092000000, 0x0000000092100000|  0%| F|  |TAMS 0x0000000092000000| PB 0x0000000092000000| Untracked 
| 289|0x0000000092100000, 0x0000000092100000, 0x0000000092200000|  0%| F|  |TAMS 0x0000000092100000| PB 0x0000000092100000| Untracked 
| 290|0x0000000092200000, 0x0000000092200000, 0x0000000092300000|  0%| F|  |TAMS 0x0000000092200000| PB 0x0000000092200000| Untracked 
| 291|0x0000000092300000, 0x0000000092300000, 0x0000000092400000|  0%| F|  |TAMS 0x0000000092300000| PB 0x0000000092300000| Untracked 
| 292|0x0000000092400000, 0x0000000092400000, 0x0000000092500000|  0%| F|  |TAMS 0x0000000092400000| PB 0x0000000092400000| Untracked 
| 293|0x0000000092500000, 0x0000000092500000, 0x0000000092600000|  0%| F|  |TAMS 0x0000000092500000| PB 0x0000000092500000| Untracked 
| 294|0x0000000092600000, 0x0000000092600000, 0x0000000092700000|  0%| F|  |TAMS 0x0000000092600000| PB 0x0000000092600000| Untracked 
| 295|0x0000000092700000, 0x0000000092700000, 0x0000000092800000|  0%| F|  |TAMS 0x0000000092700000| PB 0x0000000092700000| Untracked 
| 296|0x0000000092800000, 0x0000000092800000, 0x0000000092900000|  0%| F|  |TAMS 0x0000000092800000| PB 0x0000000092800000| Untracked 
| 297|0x0000000092900000, 0x0000000092900000, 0x0000000092a00000|  0%| F|  |TAMS 0x0000000092900000| PB 0x0000000092900000| Untracked 
| 298|0x0000000092a00000, 0x0000000092a00000, 0x0000000092b00000|  0%| F|  |TAMS 0x0000000092a00000| PB 0x0000000092a00000| Untracked 
| 299|0x0000000092b00000, 0x0000000092b00000, 0x0000000092c00000|  0%| F|  |TAMS 0x0000000092b00000| PB 0x0000000092b00000| Untracked 
| 300|0x0000000092c00000, 0x0000000092c00000, 0x0000000092d00000|  0%| F|  |TAMS 0x0000000092c00000| PB 0x0000000092c00000| Untracked 
| 301|0x0000000092d00000, 0x0000000092d00000, 0x0000000092e00000|  0%| F|  |TAMS 0x0000000092d00000| PB 0x0000000092d00000| Untracked 
| 302|0x0000000092e00000, 0x0000000092e00000, 0x0000000092f00000|  0%| F|  |TAMS 0x0000000092e00000| PB 0x0000000092e00000| Untracked 
| 303|0x0000000092f00000, 0x0000000092f00000, 0x0000000093000000|  0%| F|  |TAMS 0x0000000092f00000| PB 0x0000000092f00000| Untracked 
| 304|0x0000000093000000, 0x0000000093000000, 0x0000000093100000|  0%| F|  |TAMS 0x0000000093000000| PB 0x0000000093000000| Untracked 
| 305|0x0000000093100000, 0x0000000093100000, 0x0000000093200000|  0%| F|  |TAMS 0x0000000093100000| PB 0x0000000093100000| Untracked 
| 306|0x0000000093200000, 0x0000000093200000, 0x0000000093300000|  0%| F|  |TAMS 0x0000000093200000| PB 0x0000000093200000| Untracked 
| 307|0x0000000093300000, 0x0000000093300000, 0x0000000093400000|  0%| F|  |TAMS 0x0000000093300000| PB 0x0000000093300000| Untracked 
| 308|0x0000000093400000, 0x0000000093400000, 0x0000000093500000|  0%| F|  |TAMS 0x0000000093400000| PB 0x0000000093400000| Untracked 
| 309|0x0000000093500000, 0x0000000093500000, 0x0000000093600000|  0%| F|  |TAMS 0x0000000093500000| PB 0x0000000093500000| Untracked 
| 310|0x0000000093600000, 0x0000000093600000, 0x0000000093700000|  0%| F|  |TAMS 0x0000000093600000| PB 0x0000000093600000| Untracked 
| 311|0x0000000093700000, 0x0000000093700000, 0x0000000093800000|  0%| F|  |TAMS 0x0000000093700000| PB 0x0000000093700000| Untracked 
| 312|0x0000000093800000, 0x0000000093800000, 0x0000000093900000|  0%| F|  |TAMS 0x0000000093800000| PB 0x0000000093800000| Untracked 
| 313|0x0000000093900000, 0x0000000093900000, 0x0000000093a00000|  0%| F|  |TAMS 0x0000000093900000| PB 0x0000000093900000| Untracked 
| 314|0x0000000093a00000, 0x0000000093a00000, 0x0000000093b00000|  0%| F|  |TAMS 0x0000000093a00000| PB 0x0000000093a00000| Untracked 
| 315|0x0000000093b00000, 0x0000000093b00000, 0x0000000093c00000|  0%| F|  |TAMS 0x0000000093b00000| PB 0x0000000093b00000| Untracked 
| 316|0x0000000093c00000, 0x0000000093c00000, 0x0000000093d00000|  0%| F|  |TAMS 0x0000000093c00000| PB 0x0000000093c00000| Untracked 
| 317|0x0000000093d00000, 0x0000000093d00000, 0x0000000093e00000|  0%| F|  |TAMS 0x0000000093d00000| PB 0x0000000093d00000| Untracked 
| 318|0x0000000093e00000, 0x0000000093e00000, 0x0000000093f00000|  0%| F|  |TAMS 0x0000000093e00000| PB 0x0000000093e00000| Untracked 
| 319|0x0000000093f00000, 0x0000000093f00000, 0x0000000094000000|  0%| F|  |TAMS 0x0000000093f00000| PB 0x0000000093f00000| Untracked 
| 320|0x0000000094000000, 0x0000000094000000, 0x0000000094100000|  0%| F|  |TAMS 0x0000000094000000| PB 0x0000000094000000| Untracked 
| 321|0x0000000094100000, 0x0000000094100000, 0x0000000094200000|  0%| F|  |TAMS 0x0000000094100000| PB 0x0000000094100000| Untracked 
| 322|0x0000000094200000, 0x0000000094200000, 0x0000000094300000|  0%| F|  |TAMS 0x0000000094200000| PB 0x0000000094200000| Untracked 
| 323|0x0000000094300000, 0x0000000094300000, 0x0000000094400000|  0%| F|  |TAMS 0x0000000094300000| PB 0x0000000094300000| Untracked 
| 324|0x0000000094400000, 0x0000000094400000, 0x0000000094500000|  0%| F|  |TAMS 0x0000000094400000| PB 0x0000000094400000| Untracked 
| 325|0x0000000094500000, 0x0000000094500000, 0x0000000094600000|  0%| F|  |TAMS 0x0000000094500000| PB 0x0000000094500000| Untracked 
| 326|0x0000000094600000, 0x0000000094600000, 0x0000000094700000|  0%| F|  |TAMS 0x0000000094600000| PB 0x0000000094600000| Untracked 
| 327|0x0000000094700000, 0x0000000094700000, 0x0000000094800000|  0%| F|  |TAMS 0x0000000094700000| PB 0x0000000094700000| Untracked 
| 328|0x0000000094800000, 0x0000000094800000, 0x0000000094900000|  0%| F|  |TAMS 0x0000000094800000| PB 0x0000000094800000| Untracked 
| 329|0x0000000094900000, 0x0000000094900000, 0x0000000094a00000|  0%| F|  |TAMS 0x0000000094900000| PB 0x0000000094900000| Untracked 
| 330|0x0000000094a00000, 0x0000000094a00000, 0x0000000094b00000|  0%| F|  |TAMS 0x0000000094a00000| PB 0x0000000094a00000| Untracked 
|2002|0x00000000fd200000, 0x00000000fd200000, 0x00000000fd300000|  0%| F|  |TAMS 0x00000000fd200000| PB 0x00000000fd200000| Untracked 
|2003|0x00000000fd300000, 0x00000000fd300000, 0x00000000fd400000|  0%| F|  |TAMS 0x00000000fd300000| PB 0x00000000fd300000| Untracked 
|2004|0x00000000fd400000, 0x00000000fd400000, 0x00000000fd500000|  0%| F|  |TAMS 0x00000000fd400000| PB 0x00000000fd400000| Untracked 
|2005|0x00000000fd500000, 0x00000000fd500000, 0x00000000fd600000|  0%| F|  |TAMS 0x00000000fd500000| PB 0x00000000fd500000| Untracked 
|2006|0x00000000fd600000, 0x00000000fd600000, 0x00000000fd700000|  0%| F|  |TAMS 0x00000000fd600000| PB 0x00000000fd600000| Untracked 
|2007|0x00000000fd700000, 0x00000000fd700000, 0x00000000fd800000|  0%| F|  |TAMS 0x00000000fd700000| PB 0x00000000fd700000| Untracked 
|2008|0x00000000fd800000, 0x00000000fd800000, 0x00000000fd900000|  0%| F|  |TAMS 0x00000000fd800000| PB 0x00000000fd800000| Untracked 
|2009|0x00000000fd900000, 0x00000000fd900000, 0x00000000fda00000|  0%| F|  |TAMS 0x00000000fd900000| PB 0x00000000fd900000| Untracked 
|2010|0x00000000fda00000, 0x00000000fda80000, 0x00000000fdb00000| 50%| E|  |TAMS 0x00000000fda00000| PB 0x00000000fda00000| Complete 
|2011|0x00000000fdb00000, 0x00000000fdc00000, 0x00000000fdc00000|100%| E|CS|TAMS 0x00000000fdb00000| PB 0x00000000fdb00000| Complete 
|2012|0x00000000fdc00000, 0x00000000fdd00000, 0x00000000fdd00000|100%| E|CS|TAMS 0x00000000fdc00000| PB 0x00000000fdc00000| Complete 
|2013|0x00000000fdd00000, 0x00000000fde00000, 0x00000000fde00000|100%| E|CS|TAMS 0x00000000fdd00000| PB 0x00000000fdd00000| Complete 
|2014|0x00000000fde00000, 0x00000000fdf00000, 0x00000000fdf00000|100%| E|CS|TAMS 0x00000000fde00000| PB 0x00000000fde00000| Complete 
|2015|0x00000000fdf00000, 0x00000000fe000000, 0x00000000fe000000|100%| E|CS|TAMS 0x00000000fdf00000| PB 0x00000000fdf00000| Complete 
|2016|0x00000000fe000000, 0x00000000fe100000, 0x00000000fe100000|100%| E|CS|TAMS 0x00000000fe000000| PB 0x00000000fe000000| Complete 
|2017|0x00000000fe100000, 0x00000000fe200000, 0x00000000fe200000|100%| E|CS|TAMS 0x00000000fe100000| PB 0x00000000fe100000| Complete 
|2018|0x00000000fe200000, 0x00000000fe300000, 0x00000000fe300000|100%| E|CS|TAMS 0x00000000fe200000| PB 0x00000000fe200000| Complete 
|2019|0x00000000fe300000, 0x00000000fe400000, 0x00000000fe400000|100%| E|CS|TAMS 0x00000000fe300000| PB 0x00000000fe300000| Complete 
|2020|0x00000000fe400000, 0x00000000fe500000, 0x00000000fe500000|100%| E|CS|TAMS 0x00000000fe400000| PB 0x00000000fe400000| Complete 
|2021|0x00000000fe500000, 0x00000000fe600000, 0x00000000fe600000|100%| E|CS|TAMS 0x00000000fe500000| PB 0x00000000fe500000| Complete 
|2022|0x00000000fe600000, 0x00000000fe700000, 0x00000000fe700000|100%| E|CS|TAMS 0x00000000fe600000| PB 0x00000000fe600000| Complete 
|2023|0x00000000fe700000, 0x00000000fe800000, 0x00000000fe800000|100%| E|CS|TAMS 0x00000000fe700000| PB 0x00000000fe700000| Complete 
|2024|0x00000000fe800000, 0x00000000fe900000, 0x00000000fe900000|100%| E|CS|TAMS 0x00000000fe800000| PB 0x00000000fe800000| Complete 
|2025|0x00000000fe900000, 0x00000000fea00000, 0x00000000fea00000|100%| E|  |TAMS 0x00000000fe900000| PB 0x00000000fe900000| Complete 
|2026|0x00000000fea00000, 0x00000000feb00000, 0x00000000feb00000|100%| E|CS|TAMS 0x00000000fea00000| PB 0x00000000fea00000| Complete 
|2027|0x00000000feb00000, 0x00000000fec00000, 0x00000000fec00000|100%| E|CS|TAMS 0x00000000feb00000| PB 0x00000000feb00000| Complete 
|2028|0x00000000fec00000, 0x00000000fed00000, 0x00000000fed00000|100%| E|CS|TAMS 0x00000000fec00000| PB 0x00000000fec00000| Complete 
|2029|0x00000000fed00000, 0x00000000fee00000, 0x00000000fee00000|100%| E|CS|TAMS 0x00000000fed00000| PB 0x00000000fed00000| Complete 
|2030|0x00000000fee00000, 0x00000000fef00000, 0x00000000fef00000|100%| E|CS|TAMS 0x00000000fee00000| PB 0x00000000fee00000| Complete 
|2031|0x00000000fef00000, 0x00000000ff000000, 0x00000000ff000000|100%| E|CS|TAMS 0x00000000fef00000| PB 0x00000000fef00000| Complete 
|2032|0x00000000ff000000, 0x00000000ff100000, 0x00000000ff100000|100%| E|CS|TAMS 0x00000000ff000000| PB 0x00000000ff000000| Complete 
|2033|0x00000000ff100000, 0x00000000ff200000, 0x00000000ff200000|100%| E|CS|TAMS 0x00000000ff100000| PB 0x00000000ff100000| Complete 
|2034|0x00000000ff200000, 0x00000000ff300000, 0x00000000ff300000|100%| O|  |TAMS 0x00000000ff200000| PB 0x00000000ff200000| Untracked 
|2035|0x00000000ff300000, 0x00000000ff400000, 0x00000000ff400000|100%| E|CS|TAMS 0x00000000ff300000| PB 0x00000000ff300000| Complete 
|2036|0x00000000ff400000, 0x00000000ff500000, 0x00000000ff500000|100%| E|CS|TAMS 0x00000000ff400000| PB 0x00000000ff400000| Complete 
|2037|0x00000000ff500000, 0x00000000ff600000, 0x00000000ff600000|100%| E|CS|TAMS 0x00000000ff500000| PB 0x00000000ff500000| Complete 
|2038|0x00000000ff600000, 0x00000000ff700000, 0x00000000ff700000|100%| E|CS|TAMS 0x00000000ff600000| PB 0x00000000ff600000| Complete 
|2039|0x00000000ff700000, 0x00000000ff800000, 0x00000000ff800000|100%| E|CS|TAMS 0x00000000ff700000| PB 0x00000000ff700000| Complete 
|2040|0x00000000ff800000, 0x00000000ff900000, 0x00000000ff900000|100%| O|  |TAMS 0x00000000ff800000| PB 0x00000000ff800000| Untracked 
|2041|0x00000000ff900000, 0x00000000ffa00000, 0x00000000ffa00000|100%| O|  |TAMS 0x00000000ff900000| PB 0x00000000ff900000| Untracked 
|2042|0x00000000ffa00000, 0x00000000ffb00000, 0x00000000ffb00000|100%| O|  |TAMS 0x00000000ffa00000| PB 0x00000000ffa00000| Untracked 
|2043|0x00000000ffb00000, 0x00000000ffc00000, 0x00000000ffc00000|100%| O|  |TAMS 0x00000000ffb00000| PB 0x00000000ffb00000| Untracked 
|2044|0x00000000ffc00000, 0x00000000ffd00000, 0x00000000ffd00000|100%| O|  |TAMS 0x00000000ffc00000| PB 0x00000000ffc00000| Untracked 
|2045|0x00000000ffd00000, 0x00000000ffe00000, 0x00000000ffe00000|100%| O|  |TAMS 0x00000000ffd00000| PB 0x00000000ffd00000| Untracked 
|2046|0x00000000ffe00000, 0x00000000fff00000, 0x00000000fff00000|100%| E|CS|TAMS 0x00000000ffe00000| PB 0x00000000ffe00000| Complete 
|2047|0x00000000fff00000, 0x0000000100000000, 0x0000000100000000|100%| O|  |TAMS 0x00000000fff00000| PB 0x00000000fff00000| Untracked 

Card table byte_map: [0x0000020bd6e50000,0x0000020bd7250000] _byte_map_base: 0x0000020bd6a50000

Marking Bits: (CMBitMap*) 0x0000020bc4613330
 Bits: [0x0000020bd7250000, 0x0000020bd9250000)

Polling page: 0x0000020bc2610000

Metaspace:

Usage:
  Non-class:    161.65 MB used.
      Class:     24.84 MB used.
       Both:    186.49 MB used.

Virtual space:
  Non-class space:      192.00 MB reserved,     162.94 MB ( 85%) committed,  3 nodes.
      Class space:        1.00 GB reserved,      26.06 MB (  3%) committed,  1 nodes.
             Both:        1.19 GB reserved,     189.00 MB ( 16%) committed. 

Chunk freelists:
   Non-Class:  12.23 MB
       Class:  5.86 MB
        Both:  18.09 MB

MaxMetaspaceSize: unlimited
CompressedClassSpaceSize: 1.00 GB
Initial GC threshold: 21.00 MB
Current GC threshold: 306.81 MB
CDS: off
 - commit_granule_bytes: 65536.
 - commit_granule_words: 8192.
 - virtual_space_node_default_size: 8388608.
 - enlarge_chunks_in_place: 1.
 - use_allocation_guard: 0.


Internal statistics:

num_allocs_failed_limit: 6.
num_arena_births: 4864.
num_arena_deaths: 0.
num_vsnodes_births: 4.
num_vsnodes_deaths: 0.
num_space_committed: 3023.
num_space_uncommitted: 0.
num_chunks_returned_to_freelist: 6.
num_chunks_taken_from_freelist: 12496.
num_chunk_merges: 3.
num_chunk_splits: 8659.
num_chunks_enlarged: 6054.
num_inconsistent_stats: 0.

CodeHeap 'non-profiled nmethods': size=120000Kb used=14031Kb max_used=14031Kb free=105968Kb
 bounds [0x0000020bcf1f0000, 0x0000020bcffc0000, 0x0000020bd6720000]
CodeHeap 'profiled nmethods': size=120000Kb used=28888Kb max_used=28902Kb free=91111Kb
 bounds [0x0000020bc7720000, 0x0000020bc9360000, 0x0000020bcec50000]
CodeHeap 'non-nmethods': size=5760Kb used=2332Kb max_used=2390Kb free=3427Kb
 bounds [0x0000020bcec50000, 0x0000020bceec0000, 0x0000020bcf1f0000]
CodeCache: size=245760Kb, used=45251Kb, max_used=45323Kb, free=200506Kb
 total_blobs=16332, nmethods=15150, adapters=1085, full_count=0
Compilation: enabled, stopped_count=0, restarted_count=0

Compilation events (20 events):
Event: 518.456 Thread 0x0000020be0089fc0 nmethod 22304 0x0000020bcfacb910 code [0x0000020bcfacbaa0, 0x0000020bcfacbb98]
Event: 518.824 Thread 0x0000020be0089fc0 22305       4       org.objectweb.asm.ClassReader::readMethod (1070 bytes)
Event: 518.935 Thread 0x0000020be009c5c0 22306       3       org.objectweb.asm.MethodWriter::canCopyMethodAttributes (163 bytes)
Event: 518.936 Thread 0x0000020be009c5c0 nmethod 22306 0x0000020bc8393b90 code [0x0000020bc8393da0, 0x0000020bc83943e0]
Event: 519.219 Thread 0x0000020be009c5c0 22307       3       org.gradle.model.internal.asm.AsmClassGenerator::<init> (92 bytes)
Event: 519.226 Thread 0x0000020be009c5c0 nmethod 22307 0x0000020bc9359990 code [0x0000020bc9359cc0, 0x0000020bc935ac00]
Event: 519.302 Thread 0x0000020be0089fc0 nmethod 22305 0x0000020bcf700210 code [0x0000020bcf7007a0, 0x0000020bcf7048f8]
Event: 519.538 Thread 0x0000020be009c5c0 22308       3       org.gradle.util.Path::createFullPath (39 bytes)
Event: 519.542 Thread 0x0000020be009c5c0 nmethod 22308 0x0000020bc8392e90 code [0x0000020bc83930e0, 0x0000020bc8393840]
Event: 519.647 Thread 0x0000020be009c5c0 22309       3       org.gradle.internal.instantiation.generator.AsmBackedClassGenerator$ClassInspectionVisitorImpl::<init> (59 bytes)
Event: 519.648 Thread 0x0000020be009c5c0 nmethod 22309 0x0000020bc935b210 code [0x0000020bc935b440, 0x0000020bc935be30]
Event: 519.900 Thread 0x0000020be009c5c0 22310       3       org.gradle.internal.instantiation.generator.AsmBackedClassGenerator$ClassBuilderImpl$$Lambda/0x00000001003378d0::emit (9 bytes)
Event: 519.903 Thread 0x0000020be009c5c0 nmethod 22310 0x0000020bc935c090 code [0x0000020bc935c240, 0x0000020bc935c440]
Event: 519.903 Thread 0x0000020be009c5c0 22311       3       org.gradle.internal.instantiation.generator.AsmBackedClassGenerator$ClassBuilderImpl::lambda$addDynamicMethods$14 (11 bytes)
Event: 519.904 Thread 0x0000020be009c5c0 nmethod 22311 0x0000020bc935c590 code [0x0000020bc935c740, 0x0000020bc935c8e0]
Event: 519.904 Thread 0x0000020be009c5c0 22312       3       org.gradle.internal.instantiation.generator.AsmBackedClassGenerator$ClassBuilderImpl::access$6300 (4 bytes)
Event: 519.904 Thread 0x0000020be009c5c0 nmethod 22312 0x0000020bc7fad590 code [0x0000020bc7fad720, 0x0000020bc7fad818]
Event: 519.983 Thread 0x0000020be0089fc0 22313       4       org.objectweb.asm.ClassReader::accept (1419 bytes)
Event: 520.287 Thread 0x0000020be009c5c0 22315       1       org.gradle.api.internal.project.DefaultProject::getServices (5 bytes)
Event: 520.288 Thread 0x0000020be009c5c0 nmethod 22315 0x0000020bcfacb610 code [0x0000020bcfacb7a0, 0x0000020bcfacb868]

GC Heap History (20 events):
Event: 306.749 GC heap before
{Heap before GC invocations=121 (full 0):
 garbage-first heap   total 385024K, used 221928K [0x0000000080000000, 0x0000000100000000)
  region size 1024K, 21 young (21504K), 20 survivors (20480K)
 Metaspace       used 148251K, committed 150400K, reserved 1179648K
  class space    used 19503K, committed 20544K, reserved 1048576K
}
Event: 306.866 GC heap after
{Heap after GC invocations=122 (full 0):
 garbage-first heap   total 385024K, used 224939K [0x0000000080000000, 0x0000000100000000)
  region size 1024K, 2 young (2048K), 2 survivors (2048K)
 Metaspace       used 148251K, committed 150400K, reserved 1179648K
  class space    used 19503K, committed 20544K, reserved 1048576K
}
Event: 318.307 GC heap before
{Heap before GC invocations=123 (full 0):
 garbage-first heap   total 386048K, used 331435K [0x0000000080000000, 0x0000000100000000)
  region size 1024K, 92 young (94208K), 2 survivors (2048K)
 Metaspace       used 154203K, committed 156352K, reserved 1245184K
  class space    used 20225K, committed 21248K, reserved 1048576K
}
Event: 318.323 GC heap after
{Heap after GC invocations=124 (full 0):
 garbage-first heap   total 386048K, used 245756K [0x0000000080000000, 0x0000000100000000)
  region size 1024K, 10 young (10240K), 10 survivors (10240K)
 Metaspace       used 154203K, committed 156352K, reserved 1245184K
  class space    used 20225K, committed 21248K, reserved 1048576K
}
Event: 331.172 GC heap before
{Heap before GC invocations=124 (full 0):
 garbage-first heap   total 386048K, used 361468K [0x0000000080000000, 0x0000000100000000)
  region size 1024K, 118 young (120832K), 10 survivors (10240K)
 Metaspace       used 161420K, committed 163648K, reserved 1245184K
  class space    used 21270K, committed 22336K, reserved 1048576K
}
Event: 331.305 GC heap after
{Heap after GC invocations=125 (full 0):
 garbage-first heap   total 386048K, used 252090K [0x0000000080000000, 0x0000000100000000)
  region size 1024K, 8 young (8192K), 8 survivors (8192K)
 Metaspace       used 161420K, committed 163648K, reserved 1245184K
  class space    used 21270K, committed 22336K, reserved 1048576K
}
Event: 355.610 GC heap before
{Heap before GC invocations=125 (full 0):
 garbage-first heap   total 386048K, used 293050K [0x0000000080000000, 0x0000000100000000)
  region size 1024K, 49 young (50176K), 8 survivors (8192K)
 Metaspace       used 165177K, committed 167360K, reserved 1245184K
  class space    used 21772K, committed 22848K, reserved 1048576K
}
Event: 355.681 GC heap after
{Heap after GC invocations=126 (full 0):
 garbage-first heap   total 386048K, used 254247K [0x0000000080000000, 0x0000000100000000)
  region size 1024K, 3 young (3072K), 3 survivors (3072K)
 Metaspace       used 165177K, committed 167360K, reserved 1245184K
  class space    used 21772K, committed 22848K, reserved 1048576K
}
Event: 377.480 GC heap before
{Heap before GC invocations=127 (full 0):
 garbage-first heap   total 386048K, used 330023K [0x0000000080000000, 0x0000000100000000)
  region size 1024K, 107 young (109568K), 3 survivors (3072K)
 Metaspace       used 169805K, committed 172096K, reserved 1245184K
  class space    used 22435K, committed 23552K, reserved 1048576K
}
Event: 377.531 GC heap after
{Heap after GC invocations=128 (full 0):
 garbage-first heap   total 386048K, used 231566K [0x0000000080000000, 0x0000000100000000)
  region size 1024K, 9 young (9216K), 9 survivors (9216K)
 Metaspace       used 169805K, committed 172096K, reserved 1245184K
  class space    used 22435K, committed 23552K, reserved 1048576K
}
Event: 430.161 GC heap before
{Heap before GC invocations=128 (full 0):
 garbage-first heap   total 386048K, used 353422K [0x0000000080000000, 0x0000000100000000)
  region size 1024K, 128 young (131072K), 9 survivors (9216K)
 Metaspace       used 176940K, committed 179328K, reserved 1245184K
  class space    used 23595K, committed 24768K, reserved 1048576K
}
Event: 430.316 GC heap after
{Heap after GC invocations=129 (full 0):
 garbage-first heap   total 386048K, used 211800K [0x0000000080000000, 0x0000000100000000)
  region size 1024K, 9 young (9216K), 9 survivors (9216K)
 Metaspace       used 176940K, committed 179328K, reserved 1245184K
  class space    used 23595K, committed 24768K, reserved 1048576K
}
Event: 445.251 GC heap before
{Heap before GC invocations=129 (full 0):
 garbage-first heap   total 386048K, used 352088K [0x0000000080000000, 0x0000000100000000)
  region size 1024K, 144 young (147456K), 9 survivors (9216K)
 Metaspace       used 185950K, committed 188480K, reserved 1245184K
  class space    used 24958K, committed 26176K, reserved 1048576K
}
Event: 445.410 GC heap after
{Heap after GC invocations=130 (full 0):
 garbage-first heap   total 386048K, used 218698K [0x0000000080000000, 0x0000000100000000)
  region size 1024K, 17 young (17408K), 17 survivors (17408K)
 Metaspace       used 185950K, committed 188480K, reserved 1245184K
  class space    used 24958K, committed 26176K, reserved 1048576K
}
Event: 448.363 GC heap before
{Heap before GC invocations=130 (full 0):
 garbage-first heap   total 386048K, used 294474K [0x0000000080000000, 0x0000000100000000)
  region size 1024K, 92 young (94208K), 17 survivors (17408K)
 Metaspace       used 185950K, committed 188480K, reserved 1245184K
  class space    used 24958K, committed 26176K, reserved 1048576K
}
Event: 448.426 GC heap after
{Heap after GC invocations=131 (full 0):
 garbage-first heap   total 386048K, used 223749K [0x0000000080000000, 0x0000000100000000)
  region size 1024K, 8 young (8192K), 8 survivors (8192K)
 Metaspace       used 185950K, committed 188480K, reserved 1245184K
  class space    used 24958K, committed 26176K, reserved 1048576K
}
Event: 455.064 GC heap before
{Heap before GC invocations=132 (full 0):
 garbage-first heap   total 386048K, used 350725K [0x0000000080000000, 0x0000000100000000)
  region size 1024K, 132 young (135168K), 8 survivors (8192K)
 Metaspace       used 186102K, committed 188608K, reserved 1245184K
  class space    used 24969K, committed 26176K, reserved 1048576K
}
Event: 455.125 GC heap after
{Heap after GC invocations=133 (full 0):
 garbage-first heap   total 386048K, used 228476K [0x0000000080000000, 0x0000000100000000)
  region size 1024K, 12 young (12288K), 12 survivors (12288K)
 Metaspace       used 186102K, committed 188608K, reserved 1245184K
  class space    used 24969K, committed 26176K, reserved 1048576K
}
Event: 502.461 GC heap before
{Heap before GC invocations=133 (full 0):
 garbage-first heap   total 386048K, used 362620K [0x0000000080000000, 0x0000000100000000)
  region size 1024K, 134 young (137216K), 12 survivors (12288K)
 Metaspace       used 188680K, committed 191232K, reserved 1245184K
  class space    used 25228K, committed 26432K, reserved 1048576K
}
Event: 502.741 GC heap after
{Heap after GC invocations=134 (full 0):
 garbage-first heap   total 386048K, used 222954K [0x0000000080000000, 0x0000000100000000)
  region size 1024K, 7 young (7168K), 7 survivors (7168K)
 Metaspace       used 188680K, committed 191232K, reserved 1245184K
  class space    used 25228K, committed 26432K, reserved 1048576K
}

Dll operation events (3 events):
Event: 0.025 Loaded shared library C:\Program Files\Android\Android Studio\jbr\bin\java.dll
Event: 0.037 Loaded shared library C:\Program Files\Android\Android Studio\jbr\bin\zip.dll
Event: 2.590 Loaded shared library C:\Program Files\Android\Android Studio\jbr\bin\verify.dll

Deoptimization events (20 events):
Event: 512.883 Thread 0x0000020be2769d70 DEOPT PACKING pc=0x0000020bcf398b28 sp=0x000000e6490fa850
Event: 512.883 Thread 0x0000020be2769d70 DEOPT UNPACKING pc=0x0000020bceca43a2 sp=0x000000e6490fa830 mode 2
Event: 518.879 Thread 0x0000020be2769d70 Uncommon trap: trap_request=0xffffffc6 fr.pc=0x0000020bcf354524 relative=0x00000000000012e4
Event: 518.879 Thread 0x0000020be2769d70 Uncommon trap: reason=bimorphic_or_optimized_type_check action=maybe_recompile pc=0x0000020bcf354524 method=org.objectweb.asm.ClassReader.readParameterAnnotations(Lorg/objectweb/asm/MethodVisitor;Lorg/objectweb/asm/Context;IZ)V @ 24 c2
Event: 518.879 Thread 0x0000020be2769d70 DEOPT PACKING pc=0x0000020bcf354524 sp=0x000000e6490f7010
Event: 518.879 Thread 0x0000020be2769d70 DEOPT UNPACKING pc=0x0000020bceca43a2 sp=0x000000e6490f7010 mode 2
Event: 518.880 Thread 0x0000020be2769d70 Uncommon trap: trap_request=0xffffffc6 fr.pc=0x0000020bcf354524 relative=0x00000000000012e4
Event: 518.880 Thread 0x0000020be2769d70 Uncommon trap: reason=bimorphic_or_optimized_type_check action=maybe_recompile pc=0x0000020bcf354524 method=org.objectweb.asm.ClassReader.readParameterAnnotations(Lorg/objectweb/asm/MethodVisitor;Lorg/objectweb/asm/Context;IZ)V @ 24 c2
Event: 518.880 Thread 0x0000020be2769d70 DEOPT PACKING pc=0x0000020bcf354524 sp=0x000000e6490f7010
Event: 518.880 Thread 0x0000020be2769d70 DEOPT UNPACKING pc=0x0000020bceca43a2 sp=0x000000e6490f7010 mode 2
Event: 518.881 Thread 0x0000020be2769d70 Uncommon trap: trap_request=0xffffffc6 fr.pc=0x0000020bcf354524 relative=0x00000000000012e4
Event: 518.881 Thread 0x0000020be2769d70 Uncommon trap: reason=bimorphic_or_optimized_type_check action=maybe_recompile pc=0x0000020bcf354524 method=org.objectweb.asm.ClassReader.readParameterAnnotations(Lorg/objectweb/asm/MethodVisitor;Lorg/objectweb/asm/Context;IZ)V @ 24 c2
Event: 518.881 Thread 0x0000020be2769d70 DEOPT PACKING pc=0x0000020bcf354524 sp=0x000000e6490f7010
Event: 518.881 Thread 0x0000020be2769d70 DEOPT UNPACKING pc=0x0000020bceca43a2 sp=0x000000e6490f7010 mode 2
Event: 518.935 Thread 0x0000020be2769d70 Uncommon trap: trap_request=0xffffffc6 fr.pc=0x0000020bcf354524 relative=0x00000000000012e4
Event: 518.935 Thread 0x0000020be2769d70 Uncommon trap: reason=bimorphic_or_optimized_type_check action=maybe_recompile pc=0x0000020bcf354524 method=org.objectweb.asm.ClassReader.readParameterAnnotations(Lorg/objectweb/asm/MethodVisitor;Lorg/objectweb/asm/Context;IZ)V @ 24 c2
Event: 518.935 Thread 0x0000020be2769d70 DEOPT PACKING pc=0x0000020bcf354524 sp=0x000000e6490f7010
Event: 518.935 Thread 0x0000020be2769d70 DEOPT UNPACKING pc=0x0000020bceca43a2 sp=0x000000e6490f7010 mode 2
Event: 520.235 Thread 0x0000020be2769d70 DEOPT PACKING pc=0x0000020bc905b18b sp=0x000000e6490f6e30
Event: 520.235 Thread 0x0000020be2769d70 DEOPT UNPACKING pc=0x0000020bceca4b42 sp=0x000000e6490f6368 mode 0

Classes loaded (20 events):
Event: 355.379 Loading class com/sun/jmx/mbeanserver/StandardMBeanIntrospector
Event: 355.382 Loading class com/sun/jmx/mbeanserver/StandardMBeanIntrospector done
Event: 420.850 Loading class sun/reflect/generics/repository/FieldRepository
Event: 420.857 Loading class sun/reflect/generics/repository/FieldRepository done
Event: 421.500 Loading class java/util/regex/Pattern$Caret
Event: 421.505 Loading class java/util/regex/Pattern$Caret done
Event: 429.887 Loading class java/lang/invoke/BoundMethodHandle$Species_LLLJ
Event: 429.897 Loading class java/lang/invoke/BoundMethodHandle$Species_LLLJ done
Event: 436.193 Loading class java/util/ArrayList$SubList$2
Event: 436.195 Loading class java/util/ArrayList$SubList$2 done
Event: 438.664 Loading class java/util/stream/ReduceOps$5
Event: 438.665 Loading class java/util/stream/ReduceOps$5 done
Event: 438.666 Loading class java/util/stream/ReduceOps$CountingSink$OfRef
Event: 438.668 Loading class java/util/stream/ReduceOps$CountingSink
Event: 438.669 Loading class java/util/stream/ReduceOps$CountingSink done
Event: 438.669 Loading class java/util/stream/ReduceOps$CountingSink$OfRef done
Event: 439.459 Loading class java/util/concurrent/ConcurrentLinkedQueue$Itr
Event: 439.463 Loading class java/util/concurrent/ConcurrentLinkedQueue$Itr done
Event: 439.922 Loading class java/io/PushbackInputStream
Event: 439.925 Loading class java/io/PushbackInputStream done

Classes unloaded (0 events):
No events

Classes redefined (0 events):
No events

Internal exceptions (20 events):
Event: 512.437 Thread 0x0000020b84725130 Exception <a 'java/lang/NoSuchMethodError'{0x00000000fe7df198}: static Lorg/jetbrains/plugins/gradle/tooling/serialization/internal/adapter/kotlin/dsl/InternalKotlinDslScriptsModel;.<clinit>()V> (0x00000000fe7df198) 
thrown [s\src\hotspot\share\prims\jni.cpp, line 1144]
Event: 512.465 Thread 0x0000020b84725130 Exception <a 'java/lang/NoSuchMethodError'{0x00000000fe7e9ad8}: static Lorg/jetbrains/plugins/gradle/tooling/serialization/internal/adapter/kotlin/dsl/InternalKotlinDslScriptModel;.<clinit>()V> (0x00000000fe7e9ad8) 
thrown [s\src\hotspot\share\prims\jni.cpp, line 1144]
Event: 514.693 Thread 0x0000020b84725130 Exception <a 'java/lang/NoSuchMethodError'{0x00000000fe48ef60}: static Lcom/intellij/gradle/toolingExtension/impl/javaModel/manifestModel/DefaultJavaGradleManifestModel;.<clinit>()V> (0x00000000fe48ef60) 
thrown [s\src\hotspot\share\prims\jni.cpp, line 1144]
Event: 514.760 Thread 0x0000020b84725130 Exception <a 'java/lang/NoSuchMethodError'{0x00000000fe49efd8}: static Lcom/intellij/gradle/toolingExtension/impl/model/repositoryModel/DefaultProjectRepositoriesModel;.<clinit>()V> (0x00000000fe49efd8) 
thrown [s\src\hotspot\share\prims\jni.cpp, line 1144]
Event: 516.045 Thread 0x0000020be2769d70 Exception <a 'sun/nio/fs/WindowsException'{0x00000000fe2d7510}> (0x00000000fe2d7510) 
thrown [s\src\hotspot\share\prims\jni.cpp, line 537]
Event: 516.107 Thread 0x0000020be2769d70 Exception <a 'sun/nio/fs/WindowsException'{0x00000000fe2d9650}> (0x00000000fe2d9650) 
thrown [s\src\hotspot\share\prims\jni.cpp, line 537]
Event: 516.111 Thread 0x0000020be2769d70 Exception <a 'sun/nio/fs/WindowsException'{0x00000000fe2db630}> (0x00000000fe2db630) 
thrown [s\src\hotspot\share\prims\jni.cpp, line 537]
Event: 516.115 Thread 0x0000020be2769d70 Exception <a 'sun/nio/fs/WindowsException'{0x00000000fe2dd998}> (0x00000000fe2dd998) 
thrown [s\src\hotspot\share\prims\jni.cpp, line 537]
Event: 516.121 Thread 0x0000020be2769d70 Exception <a 'sun/nio/fs/WindowsException'{0x00000000fe2dfa80}> (0x00000000fe2dfa80) 
thrown [s\src\hotspot\share\prims\jni.cpp, line 537]
Event: 516.129 Thread 0x0000020be2769d70 Exception <a 'sun/nio/fs/WindowsException'{0x00000000fe2e1ef0}> (0x00000000fe2e1ef0) 
thrown [s\src\hotspot\share\prims\jni.cpp, line 537]
Event: 516.150 Thread 0x0000020be2769d70 Exception <a 'sun/nio/fs/WindowsException'{0x00000000fe2e40a8}> (0x00000000fe2e40a8) 
thrown [s\src\hotspot\share\prims\jni.cpp, line 537]
Event: 516.154 Thread 0x0000020be2769d70 Exception <a 'sun/nio/fs/WindowsException'{0x00000000fe2e60e0}> (0x00000000fe2e60e0) 
thrown [s\src\hotspot\share\prims\jni.cpp, line 537]
Event: 516.156 Thread 0x0000020be2769d70 Exception <a 'sun/nio/fs/WindowsException'{0x00000000fe2e8420}> (0x00000000fe2e8420) 
thrown [s\src\hotspot\share\prims\jni.cpp, line 537]
Event: 516.158 Thread 0x0000020be2769d70 Exception <a 'sun/nio/fs/WindowsException'{0x00000000fe2ea578}> (0x00000000fe2ea578) 
thrown [s\src\hotspot\share\prims\jni.cpp, line 537]
Event: 516.160 Thread 0x0000020be2769d70 Exception <a 'sun/nio/fs/WindowsException'{0x00000000fe2eca70}> (0x00000000fe2eca70) 
thrown [s\src\hotspot\share\prims\jni.cpp, line 537]
Event: 516.212 Thread 0x0000020be2769d70 Exception <a 'sun/nio/fs/WindowsException'{0x00000000fe2eeba0}> (0x00000000fe2eeba0) 
thrown [s\src\hotspot\share\prims\jni.cpp, line 537]
Event: 516.214 Thread 0x0000020be2769d70 Exception <a 'sun/nio/fs/WindowsException'{0x00000000fe2f0b70}> (0x00000000fe2f0b70) 
thrown [s\src\hotspot\share\prims\jni.cpp, line 537]
Event: 516.215 Thread 0x0000020be2769d70 Exception <a 'sun/nio/fs/WindowsException'{0x00000000fe2f2e28}> (0x00000000fe2f2e28) 
thrown [s\src\hotspot\share\prims\jni.cpp, line 537]
Event: 516.216 Thread 0x0000020be2769d70 Exception <a 'sun/nio/fs/WindowsException'{0x00000000fe2f4f00}> (0x00000000fe2f4f00) 
thrown [s\src\hotspot\share\prims\jni.cpp, line 537]
Event: 518.482 Thread 0x0000020be138a9a0 Exception <a 'sun/nio/fs/WindowsException'{0x00000000fdfd6390}> (0x00000000fdfd6390) 
thrown [s\src\hotspot\share\prims\jni.cpp, line 537]

ZGC Phase Switch (0 events):
No events

VM Operations (20 events):
Event: 511.968 Executing safepoint VM operation: Cleanup
Event: 511.984 Executing safepoint VM operation: Cleanup done
Event: 512.994 Executing safepoint VM operation: Cleanup
Event: 512.994 Executing safepoint VM operation: Cleanup done
Event: 514.008 Executing safepoint VM operation: Cleanup
Event: 514.009 Executing safepoint VM operation: Cleanup done
Event: 515.024 Executing safepoint VM operation: Cleanup
Event: 515.563 Executing safepoint VM operation: Cleanup done
Event: 516.574 Executing safepoint VM operation: Cleanup
Event: 516.590 Executing safepoint VM operation: Cleanup done
Event: 517.590 Executing safepoint VM operation: Cleanup
Event: 517.952 Executing safepoint VM operation: Cleanup done
Event: 517.953 Executing non-safepoint VM operation: HandshakeAllThreads (Deoptimize)
Event: 517.967 Executing non-safepoint VM operation: HandshakeAllThreads (Deoptimize) done
Event: 517.973 Executing non-safepoint VM operation: HandshakeAllThreads (Deoptimize)
Event: 517.974 Executing non-safepoint VM operation: HandshakeAllThreads (Deoptimize) done
Event: 518.979 Executing safepoint VM operation: Cleanup
Event: 518.995 Executing safepoint VM operation: Cleanup done
Event: 520.008 Executing safepoint VM operation: Cleanup
Event: 520.055 Executing safepoint VM operation: Cleanup done

Memory protections (0 events):
No events

Nmethod flushes (20 events):
Event: 449.731 Thread 0x0000020bdbcdea40 flushing  nmethod 0x0000020bc8461190
Event: 449.731 Thread 0x0000020bdbcdea40 flushing  nmethod 0x0000020bc8488110
Event: 449.731 Thread 0x0000020bdbcdea40 flushing  nmethod 0x0000020bc8497710
Event: 449.731 Thread 0x0000020bdbcdea40 flushing  nmethod 0x0000020bc8499d10
Event: 449.731 Thread 0x0000020bdbcdea40 flushing  nmethod 0x0000020bc849a290
Event: 449.731 Thread 0x0000020bdbcdea40 flushing  nmethod 0x0000020bc849a690
Event: 449.731 Thread 0x0000020bdbcdea40 flushing  nmethod 0x0000020bc849ac90
Event: 449.731 Thread 0x0000020bdbcdea40 flushing  nmethod 0x0000020bc849c510
Event: 449.731 Thread 0x0000020bdbcdea40 flushing  nmethod 0x0000020bc857f910
Event: 449.731 Thread 0x0000020bdbcdea40 flushing  nmethod 0x0000020bc8580190
Event: 449.731 Thread 0x0000020bdbcdea40 flushing  nmethod 0x0000020bc8580610
Event: 449.731 Thread 0x0000020bdbcdea40 flushing  nmethod 0x0000020bc8580a90
Event: 449.731 Thread 0x0000020bdbcdea40 flushing  nmethod 0x0000020bc8584d10
Event: 449.731 Thread 0x0000020bdbcdea40 flushing  nmethod 0x0000020bc8585090
Event: 449.731 Thread 0x0000020bdbcdea40 flushing  nmethod 0x0000020bc8585c10
Event: 449.731 Thread 0x0000020bdbcdea40 flushing  nmethod 0x0000020bc8816310
Event: 449.731 Thread 0x0000020bdbcdea40 flushing  nmethod 0x0000020bc8818190
Event: 449.731 Thread 0x0000020bdbcdea40 flushing  nmethod 0x0000020bc9072290
Event: 449.731 Thread 0x0000020bdbcdea40 flushing  nmethod 0x0000020bc9073a10
Event: 449.731 Thread 0x0000020bdbcdea40 flushing  nmethod 0x0000020bc9081410

Events (20 events):
Event: 438.927 Thread 0x0000020be2769d70 Thread added: 0x0000020b84724aa0
Event: 438.985 Thread 0x0000020b84724aa0 Thread added: 0x0000020bf50dc050
Event: 438.986 Thread 0x0000020b84724aa0 Thread added: 0x0000020bf50dc6e0
Event: 438.987 Thread 0x0000020b84724aa0 Thread added: 0x0000020bf50dd400
Event: 438.987 Thread 0x0000020b84724aa0 Thread added: 0x0000020bf50dcd70
Event: 438.988 Thread 0x0000020b84724aa0 Thread added: 0x0000020bf545eaa0
Event: 438.988 Thread 0x0000020b84724aa0 Thread added: 0x0000020bf545e410
Event: 438.989 Thread 0x0000020b84724aa0 Thread added: 0x0000020bf545b620
Event: 439.238 Thread 0x0000020b84724aa0 Thread added: 0x0000020bf545bcb0
Event: 439.667 Thread 0x0000020be2769d70 Thread added: 0x0000020b84725130
Event: 441.609 Thread 0x0000020be2769d70 Thread added: 0x0000020b84722340
Event: 451.958 Thread 0x0000020be009c5c0 Thread added: 0x0000020b8426e220
Event: 452.163 Thread 0x0000020b8426e220 Thread exited: 0x0000020b8426e220
Event: 452.197 Thread 0x0000020be009c5c0 Thread added: 0x0000020b8426c6e0
Event: 456.215 Thread 0x0000020b8426c6e0 Thread exited: 0x0000020b8426c6e0
Event: 463.759 Thread 0x0000020becd41a30 Thread exited: 0x0000020becd41a30
Event: 473.049 Thread 0x0000020be276a400 Thread added: 0x0000020b84724410
Event: 490.900 Thread 0x0000020be276a400 Thread added: 0x0000020b847229d0
Event: 499.484 Thread 0x0000020b84724aa0 Thread exited: 0x0000020b84724aa0
Event: 499.889 Thread 0x0000020be2769d70 Thread added: 0x0000020b847236f0


Dynamic libraries:
0x00007ff746ac0000 - 0x00007ff746aca000 	C:\Program Files\Android\Android Studio\jbr\bin\java.exe
0x00007fffaf120000 - 0x00007fffaf387000 	C:\windows\SYSTEM32\ntdll.dll
0x00007fffacf00000 - 0x00007fffacfc9000 	C:\windows\System32\KERNEL32.DLL
0x00007fffabaa0000 - 0x00007fffabe94000 	C:\windows\System32\KERNELBASE.dll
0x00007fffac100000 - 0x00007fffac24b000 	C:\windows\System32\ucrtbase.dll
0x00007fff70b50000 - 0x00007fff70b68000 	C:\Program Files\Android\Android Studio\jbr\bin\jli.dll
0x00007fff8fb70000 - 0x00007fff8fb8b000 	C:\Program Files\Android\Android Studio\jbr\bin\VCRUNTIME140.dll
0x00007fffada80000 - 0x00007fffadc45000 	C:\windows\System32\USER32.dll
0x00007fffac0d0000 - 0x00007fffac0f7000 	C:\windows\System32\win32u.dll
0x00007fff91ef0000 - 0x00007fff92183000 	C:\windows\WinSxS\amd64_microsoft.windows.common-controls_6595b64144ccf1df_6.0.26100.8115_none_3e075c82e3354f9c\COMCTL32.dll
0x00007fffad260000 - 0x00007fffad28b000 	C:\windows\System32\GDI32.dll
0x00007fffae850000 - 0x00007fffae8f9000 	C:\windows\System32\msvcrt.dll
0x00007fffaccf0000 - 0x00007ffface1b000 	C:\windows\System32\gdi32full.dll
0x00007fffacc40000 - 0x00007fffacce3000 	C:\windows\System32\msvcp_win.dll
0x00007fffaeac0000 - 0x00007fffaeaf2000 	C:\windows\System32\IMM32.DLL
0x00007fff9bec0000 - 0x00007fff9becc000 	C:\Program Files\Android\Android Studio\jbr\bin\vcruntime140_1.dll
0x00007ffed5c10000 - 0x00007ffed5c9d000 	C:\Program Files\Android\Android Studio\jbr\bin\msvcp140.dll
0x00007ffed6d60000 - 0x00007ffed79f6000 	C:\Program Files\Android\Android Studio\jbr\bin\server\jvm.dll
0x00007fffad290000 - 0x00007fffad346000 	C:\windows\System32\ADVAPI32.dll
0x00007fffaefa0000 - 0x00007fffaf047000 	C:\windows\System32\sechost.dll
0x00007fffae730000 - 0x00007fffae848000 	C:\windows\System32\RPCRT4.dll
0x00007fffaef10000 - 0x00007fffaef90000 	C:\windows\System32\WS2_32.dll
0x00007fffa20f0000 - 0x00007fffa2126000 	C:\windows\SYSTEM32\WINMM.dll
0x00007fff9d5c0000 - 0x00007fff9d5cb000 	C:\windows\SYSTEM32\VERSION.dll
0x00007fffab850000 - 0x00007fffab8ae000 	C:\windows\SYSTEM32\POWRPROF.dll
0x00007fffab830000 - 0x00007fffab844000 	C:\windows\SYSTEM32\UMPDC.dll
0x00007fffaa780000 - 0x00007fffaa79b000 	C:\windows\SYSTEM32\kernel.appcore.dll
0x00007fff922b0000 - 0x00007fff922ba000 	C:\Program Files\Android\Android Studio\jbr\bin\jimage.dll
0x00007fff9e360000 - 0x00007fff9e5a2000 	C:\windows\SYSTEM32\DBGHELP.DLL
0x00007fffaeb00000 - 0x00007fffaee82000 	C:\windows\System32\combase.dll
0x00007fffadd00000 - 0x00007fffaddd8000 	C:\windows\System32\OLEAUT32.dll
0x00007fff8e5e0000 - 0x00007fff8e61b000 	C:\windows\SYSTEM32\dbgcore.DLL
0x00007fffab9f0000 - 0x00007fffaba95000 	C:\windows\System32\bcryptPrimitives.dll
0x00007fff96590000 - 0x00007fff9659e000 	C:\Program Files\Android\Android Studio\jbr\bin\instrument.dll
0x00007fff86f10000 - 0x00007fff86f30000 	C:\Program Files\Android\Android Studio\jbr\bin\java.dll
0x00007fff85eb0000 - 0x00007fff85ec8000 	C:\Program Files\Android\Android Studio\jbr\bin\zip.dll
0x00007fffadfc0000 - 0x00007fffae727000 	C:\windows\System32\SHELL32.dll
0x00007fffabf60000 - 0x00007fffac0ca000 	C:\windows\System32\wintypes.dll
0x00007fffac250000 - 0x00007fffacab8000 	C:\windows\System32\windows.storage.dll
0x00007fffacff0000 - 0x00007fffad0e8000 	C:\windows\System32\SHCORE.dll
0x00007fffaf060000 - 0x00007fffaf0c6000 	C:\windows\System32\shlwapi.dll
0x00007fffab910000 - 0x00007fffab939000 	C:\windows\SYSTEM32\profapi.dll
0x00007fff92250000 - 0x00007fff92260000 	C:\Program Files\Android\Android Studio\jbr\bin\net.dll
0x00007fffa1b20000 - 0x00007fffa1c4d000 	C:\windows\SYSTEM32\WINHTTP.dll
0x00007fffaacf0000 - 0x00007fffaad5c000 	C:\windows\system32\mswsock.dll
0x00007fff84190000 - 0x00007fff841a6000 	C:\Program Files\Android\Android Studio\jbr\bin\nio.dll
0x00007fff873e0000 - 0x00007fff873f0000 	C:\Program Files\Android\Android Studio\jbr\bin\verify.dll
0x00007fff4b250000 - 0x00007fff4b277000 	C:\Users\ELCOT\.gradle\native\660c5614fbf4a5f2a75b1949f50a0caf5cd603558e7d8a26e50b933a0cfb79d1\windows-amd64\native-platform.dll
0x00007fff389a0000 - 0x00007fff38a17000 	C:\Users\ELCOT\.gradle\native\0.2.8\x86_64-windows-gnu\gradle-fileevents.dll
0x00007fff8cb60000 - 0x00007fff8cb69000 	C:\Program Files\Android\Android Studio\jbr\bin\management.dll
0x00007fff874b0000 - 0x00007fff874bb000 	C:\Program Files\Android\Android Studio\jbr\bin\management_ext.dll
0x00007fffaf050000 - 0x00007fffaf058000 	C:\windows\System32\PSAPI.DLL
0x00007fffaa160000 - 0x00007fffaa192000 	C:\windows\SYSTEM32\IPHLPAPI.DLL
0x00007fffad3e0000 - 0x00007fffad3ea000 	C:\windows\System32\NSI.dll
0x00007fff8fb60000 - 0x00007fff8fb69000 	C:\Program Files\Android\Android Studio\jbr\bin\extnet.dll
0x00007fffaafd0000 - 0x00007fffaafeb000 	C:\windows\SYSTEM32\CRYPTSP.dll
0x00007fffaa6e0000 - 0x00007fffaa719000 	C:\windows\system32\rsaenh.dll
0x00007fffaada0000 - 0x00007fffaadd3000 	C:\windows\SYSTEM32\USERENV.dll
0x00007fffab8e0000 - 0x00007fffab90a000 	C:\windows\SYSTEM32\bcrypt.dll
0x00007fffaaff0000 - 0x00007fffaaffc000 	C:\windows\SYSTEM32\CRYPTBASE.dll
0x00007fff36dc0000 - 0x00007fff36dc8000 	C:\windows\system32\wshunix.dll
0x00007fffaa1f0000 - 0x00007fffaa322000 	C:\windows\SYSTEM32\DNSAPI.dll
0x00007fffa1cc0000 - 0x00007fffa1ccb000 	C:\Windows\System32\rasadhlp.dll
0x00007fffa6dc0000 - 0x00007fffa6e46000 	C:\windows\System32\fwpuclnt.dll

JVMTI agents:
C:\Users\ELCOT\.gradle\wrapper\dists\gradle-9.3.1-bin\23ovyewtku6u96viwx3xl3oks\gradle-9.3.1\lib\agents\gradle-instrumentation-agent-9.3.1.jar path:C:\Program Files\Android\Android Studio\jbr\bin\instrument.dll, loaded, initialized, instrumentlib options:none

dbghelp: loaded successfully - version: 4.0.5 - missing functions: none
symbol engine: initialized successfully - sym options: 0x614 - pdb path: .;C:\Program Files\Android\Android Studio\jbr\bin;C:\windows\SYSTEM32;C:\windows\WinSxS\amd64_microsoft.windows.common-controls_6595b64144ccf1df_6.0.26100.8115_none_3e075c82e3354f9c;C:\Program Files\Android\Android Studio\jbr\bin\server;C:\Users\ELCOT\.gradle\native\660c5614fbf4a5f2a75b1949f50a0caf5cd603558e7d8a26e50b933a0cfb79d1\windows-amd64;C:\Users\ELCOT\.gradle\native\0.2.8\x86_64-windows-gnu

VM Arguments:
jvm_args: --add-opens=java.base/java.lang=ALL-UNNAMED --add-opens=java.base/java.lang.invoke=ALL-UNNAMED --add-opens=java.base/java.util=ALL-UNNAMED --add-opens=java.prefs/java.util.prefs=ALL-UNNAMED --add-exports=jdk.compiler/com.sun.tools.javac.api=ALL-UNNAMED --add-exports=jdk.compiler/com.sun.tools.javac.util=ALL-UNNAMED --add-opens=java.base/java.util=ALL-UNNAMED --add-opens=java.prefs/java.util.prefs=ALL-UNNAMED --add-opens=java.base/java.nio.charset=ALL-UNNAMED --add-opens=java.base/java.net=ALL-UNNAMED --add-opens=java.base/java.util.concurrent=ALL-UNNAMED --add-opens=java.base/java.util.concurrent.atomic=ALL-UNNAMED --add-opens=java.xml/javax.xml.namespace=ALL-UNNAMED --add-opens=java.base/java.time=ALL-UNNAMED -Xmx2048m -Dfile.encoding=UTF-8 -Duser.country=IN -Duser.language=en -Duser.variant -javaagent:C:\Users\ELCOT\.gradle\wrapper\dists\gradle-9.3.1-bin\23ovyewtku6u96viwx3xl3oks\gradle-9.3.1\lib\agents\gradle-instrumentation-agent-9.3.1.jar 
java_command: org.gradle.launcher.daemon.bootstrap.GradleDaemon 9.3.1
java_class_path (initial): C:\Users\ELCOT\.gradle\wrapper\dists\gradle-9.3.1-bin\23ovyewtku6u96viwx3xl3oks\gradle-9.3.1\lib\gradle-daemon-main-9.3.1.jar
Launcher Type: SUN_STANDARD

[Global flags]
     intx CICompilerCount                          = 4                                         {product} {ergonomic}
     uint ConcGCThreads                            = 2                                         {product} {ergonomic}
     uint G1ConcRefinementThreads                  = 8                                         {product} {ergonomic}
   size_t G1HeapRegionSize                         = 1048576                                   {product} {ergonomic}
    uintx GCDrainStackTargetSize                   = 64                                        {product} {ergonomic}
   size_t InitialHeapSize                          = 121634816                                 {product} {ergonomic}
   size_t MarkStackSize                            = 4194304                                   {product} {ergonomic}
   size_t MaxHeapSize                              = 2147483648                                {product} {command line}
   size_t MaxNewSize                               = 1287651328                                {product} {ergonomic}
   size_t MinHeapDeltaBytes                        = 1048576                                   {product} {ergonomic}
   size_t MinHeapSize                              = 8388608                                   {product} {ergonomic}
    uintx NonNMethodCodeHeapSize                   = 5839372                                {pd product} {ergonomic}
    uintx NonProfiledCodeHeapSize                  = 122909434                              {pd product} {ergonomic}
    uintx ProfiledCodeHeapSize                     = 122909434                              {pd product} {ergonomic}
    uintx ReservedCodeCacheSize                    = 251658240                              {pd product} {ergonomic}
     bool SegmentedCodeCache                       = true                                      {product} {ergonomic}
   size_t SoftMaxHeapSize                          = 2147483648                             {manageable} {ergonomic}
     bool UseCompressedOops                        = true                           {product lp64_product} {ergonomic}
     bool UseG1GC                                  = true                                      {product} {ergonomic}
     bool UseLargePagesIndividualAllocation        = false                                  {pd product} {ergonomic}

Logging:
Log output configuration:
 #0: stdout all=warning uptime,level,tags foldmultilines=false
 #1: stderr all=off uptime,level,tags foldmultilines=false

Release file:
JAVA_VERSION="21.0.10" 
MODULES="java.base java.compiler java.datatransfer java.xml java.prefs java.desktop java.instrument java.logging java.management java.security.sasl java.naming java.rmi java.management.rmi java.net.http java.scripting java.security.jgss java.transaction.xa java.sql java.sql.rowset java.xml.crypto java.se java.smartcardio jdk.accessibility jdk.internal.jvmstat jdk.attach jdk.charsets jdk.internal.opt jdk.zipfs jdk.compiler jdk.crypto.ec jdk.crypto.cryptoki jdk.dynalink jdk.hotspot.agent jdk.httpserver jdk.internal.ed jdk.internal.le jdk.internal.vm.ci jdk.jartool jdk.javadoc jdk.jcmd jdk.jdeps jdk.jdwp.agent jdk.jdi jdk.jfr jdk.jlink jdk.jsobject jdk.localedata jdk.management jdk.management.agent jdk.management.jfr jdk.naming.dns jdk.naming.rmi jdk.net jdk.sctp jdk.security.auth jdk.security.jgss jdk.unsupported jdk.unsupported.desktop jdk.xml.dom" 
IMPLEMENTOR="JetBrains s.r.o." 
JAVA_RUNTIME_VERSION="21.0.10+-14961533-b1163.108" 
LIBC="default" 
OS_ARCH="x86_64" 
OS_NAME="Windows" 
SOURCE=".:git:1351622c2ff2" 

Environment Variables:
PATH=C:\windows\system32;C:\windows;C:\windows\System32\Wbem;C:\windows\System32\WindowsPowerShell\v1.0\;C:\windows\System32\OpenSSH\;C:\Program Files\Git\cmd;C:\Program Files\Docker\Docker\resources\bin;C:\Program Files\nodejs\;C:\Users\ELCOT\AppData\Local\Muse Hub\lib;C:\Users\ELCOT\AppData\Local\Programs\Python\Python313\Scripts\;C:\Users\ELCOT\AppData\Local\Programs\Python\Python313\;C:\Users\ELCOT\AppData\Local\Programs\Python\Python312\Scripts\;C:\Users\ELCOT\AppData\Local\Programs\Python\Python312\;C:\Users\ELCOT\AppData\Local\Programs\Python\Launcher\;C:\Users\ELCOT\AppData\Local\Microsoft\WindowsApps;C:\Users\ELCOT\AppData\Local\Programs\Microsoft VS Code\bin;C:\Users\ELCOT\AppData\Roaming\npm;C:\Program Files\Java\jdk-25.0.2\bin;C:\Users\ELCOT\AppData\Local\Programs\Antigravity\bin;C:\Users\ELCOT\AppData\Local\Programs\Antigravity IDE\bin;C:\Users\ELCOT\AppData\Local\Muse Hub\lib
USERNAME=ELCOT
OS=Windows_NT
PROCESSOR_IDENTIFIER=AMD64 Family 23 Model 160 Stepping 0, AuthenticAMD
TMP=C:\Users\ELCOT\AppData\Local\Temp
TEMP=C:\Users\ELCOT\AppData\Local\Temp




Periodic native trim disabled

JNI global refs:
JNI global refs: 29, weak refs: 0

JNI global refs memory usage: 835, weak refs: 833

Process memory usage:
Resident Set Size: 171628K (2% of 7590704K total physical memory with 6140K free physical memory)

OOME stack traces (most recent first):
Classloader memory used:
Loader org.gradle.internal.classloader.VisitableURLClassLoader                         : 110M
Loader bootstrap                                                                       : 32784K
Loader org.gradle.internal.classloader.VisitableURLClassLoader$InstrumentingVisitableURLClassLoader: 26649K
Loader org.gradle.initialization.MixInLegacyTypesClassLoader                           : 13599K
Loader org.gradle.internal.classloader.VisitableURLClassLoader                         : 3270K
Loader jdk.internal.loader.ClassLoaders$PlatformClassLoader                            : 536K
Loader jdk.internal.reflect.DelegatingClassLoader                                      : 512K
Loader jdk.internal.jrtfs.JrtFileSystemProvider$JrtFsLoader                            : 334K
Loader jdk.internal.loader.ClassLoaders$AppClassLoader                                 : 229K
Loader org.gradle.groovy.scripts.internal.DefaultScriptCompilationHandler$ScriptClassLoader: 92888B

Classes loaded by more than one classloader:
Class Program                                                                         : loaded 5 times (x 72B)
Class Build_gradle                                                                    : loaded 3 times (x 126B)
Class com.google.common.collect.PeekingIterator                                       : loaded 3 times (x 70B)
Class com.google.common.base.Preconditions                                            : loaded 3 times (x 71B)
Class org.gradle.internal.IoActions                                                   : loaded 3 times (x 71B)
Class org.gradle.api.GradleException                                                  : loaded 3 times (x 82B)
Class org.gradle.api.Action                                                           : loaded 3 times (x 70B)
Class org.gradle.internal.Cast                                                        : loaded 3 times (x 71B)
Class com.google.common.collect.ImmutableList                                         : loaded 3 times (x 206B)
Class com.google.common.collect.Iterators$9                                           : loaded 3 times (x 81B)
Class com.google.common.collect.Lists                                                 : loaded 3 times (x 71B)
Class com.google.common.collect.ImmutableCollection                                   : loaded 3 times (x 125B)
Class com.google.common.collect.Iterators$5                                           : loaded 3 times (x 82B)
Class com.google.common.collect.Iterators$4                                           : loaded 3 times (x 82B)
Class com.google.common.collect.Iterators$1                                           : loaded 3 times (x 81B)
Class com.google.common.collect.Iterators$MergingIterator                             : loaded 3 times (x 81B)
Class com.google.common.collect.Multimap                                              : loaded 3 times (x 70B)
Class com.google.common.collect.AbstractIndexedListIterator                           : loaded 3 times (x 96B)
Class com.google.common.collect.AbstractIterator                                      : loaded 3 times (x 82B)
Class com.google.common.collect.Lists$StringAsImmutableList                           : loaded 3 times (x 207B)
Class com.google.common.collect.Iterators                                             : loaded 3 times (x 71B)
Class com.google.common.collect.Iterators$SingletonIterator                           : loaded 3 times (x 81B)
Class com.google.common.collect.UnmodifiableIterator                                  : loaded 3 times (x 80B)
Class com.google.common.collect.Iterators$ArrayItr                                    : loaded 3 times (x 97B)
Class com.google.common.collect.UnmodifiableListIterator                              : loaded 3 times (x 95B)
Class [Lorg.objectweb.asm.Symbol;                                                     : loaded 2 times (x 69B)
Class org.objectweb.asm.ClassVisitor                                                  : loaded 2 times (x 88B)
Class org.gradle.tooling.internal.adapter.TargetTypeProvider                          : loaded 2 times (x 70B)
Class jdk.internal.jimage.decompressor.StringSharingDecompressorFactory               : loaded 2 times (x 74B)
Class org.gradle.tooling.internal.adapter.MethodInvocation                            : loaded 2 times (x 85B)
Class org.gradle.internal.operations.MultipleBuildOperationFailures                   : loaded 2 times (x 95B)
Class com.google.common.base.Platform$JdkPatternCompiler                              : loaded 2 times (x 75B)
Class org.objectweb.asm.MethodTooLargeException                                       : loaded 2 times (x 83B)
Class [Lcom.google.common.cache.CacheBuilder$OneWeigher;                              : loaded 2 times (x 69B)
Class com.google.common.base.Suppliers                                                : loaded 2 times (x 71B)
Class org.jetbrains.kotlin.idea.gradleTooling.AndroidAwareGradleModelProvider$Companion: loaded 2 times (x 71B)
Class com.intellij.util.containers.IntObjectHashMap$ArrayProducer                     : loaded 2 times (x 70B)
Class org.gradle.internal.classloader.DefaultClassLoaderFactory                       : loaded 2 times (x 82B)
Class kotlin.sequences.SequencesKt___SequencesKt                                      : loaded 2 times (x 71B)
Class kotlin.collections.AbstractList$Companion                                       : loaded 2 times (x 71B)
Class org.gradle.internal.classloader.ClassLoaderVisitor                              : loaded 2 times (x 76B)
Class [Lcom.google.common.collect.ImmutableMapEntry;                                  : loaded 2 times (x 69B)
Class org.jetbrains.plugins.gradle.tooling.serialization.internal.IdeaProjectSerializationService: loaded 2 times (x 77B)
Class org.gradle.api.internal.classpath.EffectiveClassPath                            : loaded 2 times (x 90B)
Class [Lorg.jetbrains.kotlin.config.LanguageOrApiVersion;                             : loaded 2 times (x 69B)
Class com.google.common.collect.ImmutableRangeSet                                     : loaded 2 times (x 115B)
Class com.google.common.collect.ListMultimap                                          : loaded 2 times (x 70B)
Class com.google.common.collect.ImmutableEnumMap                                      : loaded 2 times (x 126B)
Class org.gradle.tooling.internal.gradle.DefaultProjectIdentifier                     : loaded 2 times (x 86B)
Class org.jetbrains.kotlin.buildtools.api.jvm.ClassSnapshotGranularity                : loaded 2 times (x 79B)
Class com.google.common.collect.Sets$1                                                : loaded 2 times (x 139B)
Class org.objectweb.asm.AnnotationVisitor                                             : loaded 2 times (x 78B)
Class com.intellij.gradle.toolingExtension.impl.model.buildScriptClasspathModel.GradleBuildScriptClasspathSerializationService$ReadContext: loaded 2 times (x 72B)
Class org.gradle.api.internal.DefaultClassPathProvider                                : loaded 2 times (x 76B)
Class com.google.common.collect.Sets$2                                                : loaded 2 times (x 139B)
Class kotlin.sequences.SequenceScope                                                  : loaded 2 times (x 73B)
Class kotlin.sequences.Sequence                                                       : loaded 2 times (x 70B)
Class [Lorg.gradle.api.internal.ClassPathProvider;                                    : loaded 2 times (x 69B)
Class org.gradle.api.internal.ClassPathProvider                                       : loaded 2 times (x 70B)
Class org.jetbrains.kotlin.config.LanguageVersion$Companion                           : loaded 2 times (x 71B)
Class [Lorg.objectweb.asm.AnnotationVisitor;                                          : loaded 2 times (x 69B)
Class com.google.common.collect.Sets$3                                                : loaded 2 times (x 139B)
Class com.google.common.cache.LocalCache$LocalLoadingCache                            : loaded 2 times (x 134B)
Class org.gradle.internal.service.UnknownServiceException                             : loaded 2 times (x 83B)
Class com.google.common.collect.Sets$4                                                : loaded 2 times (x 139B)
Class org.objectweb.asm.ModuleVisitor                                                 : loaded 2 times (x 81B)
Class com.google.common.cache.LocalCache$Strength$1                                   : loaded 2 times (x 81B)
Class org.jetbrains.kotlin.idea.gradleTooling.KotlinDslScriptAdditionalTask           : loaded 2 times (x 70B)
Class org.jetbrains.plugins.gradle.model.ClasspathEntryModel                          : loaded 2 times (x 70B)
Class com.google.common.util.concurrent.SettableFuture                                : loaded 2 times (x 114B)
Class com.google.common.cache.LocalCache$Strength$2                                   : loaded 2 times (x 81B)
Class org.jetbrains.plugins.gradle.tooling.serialization.GradleExtensionsSerializationService: loaded 2 times (x 77B)
Class org.gradle.tooling.model.Dependency                                             : loaded 2 times (x 70B)
Class com.google.common.cache.LocalCache$Strength$3                                   : loaded 2 times (x 81B)
Class com.google.common.collect.MapDifference                                         : loaded 2 times (x 70B)
Class com.intellij.openapi.externalSystem.model.project.dependencies.ResolutionState  : loaded 2 times (x 79B)
Class kotlin.collections.ArraysKt___ArraysJvmKt                                       : loaded 2 times (x 71B)
Class kotlin.collections.CollectionsKt__CollectionsKt                                 : loaded 2 times (x 71B)
Class org.objectweb.asm.FieldWriter                                                   : loaded 2 times (x 78B)
Class com.google.common.cache.CacheBuilder$NullListener                               : loaded 2 times (x 82B)
Class org.gradle.internal.classpath.TransformedClassPath                              : loaded 2 times (x 96B)
Class org.gradle.internal.classloader.InstrumentingClassLoader                        : loaded 2 times (x 70B)
Class com.google.common.collect.ImmutableRangeSet$AsSet                               : loaded 2 times (x 300B)
Class com.google.common.cache.CacheLoader$FunctionToCacheLoader                       : loaded 2 times (x 75B)
Class org.jetbrains.plugins.gradle.model.GradleExtensions                             : loaded 2 times (x 70B)
Class com.google.common.collect.ImmutableCollection$Builder                           : loaded 2 times (x 76B)
Class [Lkotlin.coroutines.intrinsics.CoroutineSingletons;                             : loaded 2 times (x 69B)
Class kotlin.jvm.internal.FunctionBase                                                : loaded 2 times (x 70B)
Class kotlin.enums.EnumEntriesList                                                    : loaded 2 times (x 223B)
Class com.google.common.base.Joiner                                                   : loaded 2 times (x 79B)
Class com.google.common.base.MoreObjects                                              : loaded 2 times (x 71B)
Class kotlin.collections.CollectionsKt__IteratorsJVMKt                                : loaded 2 times (x 71B)
Class org.jetbrains.kotlin.config.LanguageOrApiVersion                                : loaded 2 times (x 70B)
Class org.jetbrains.kotlin.build.report.metrics.GradleBuildTime                       : loaded 2 times (x 86B)
Class com.google.common.collect.Platform                                              : loaded 2 times (x 71B)
Class [Lorg.objectweb.asm.Type;                                                       : loaded 2 times (x 69B)
Class org.jetbrains.plugins.gradle.model.AnnotationProcessingModel                    : loaded 2 times (x 70B)
Class org.jetbrains.kotlin.idea.gradleTooling.KotlinSourceSetContainer                : loaded 2 times (x 70B)
Class org.jetbrains.plugins.gradle.model.IntelliJSettings                             : loaded 2 times (x 70B)
Class kotlin.Result                                                                   : loaded 2 times (x 72B)
Class org.gradle.internal.service.ServiceLocator                                      : loaded 2 times (x 70B)
Class com.google.common.base.Ascii                                                    : loaded 2 times (x 71B)
Class com.google.common.collect.SingletonImmutableBiMap                               : loaded 2 times (x 143B)
Class com.google.common.cache.LocalCache$1                                            : loaded 2 times (x 89B)
Class com.google.common.collect.ImmutableMap$MapViewOfValuesAsSingletonSets           : loaded 2 times (x 126B)
Class com.google.common.collect.AbstractMapEntry                                      : loaded 2 times (x 81B)
Class jdk.internal.jrtfs.JrtFileSystemProvider                                        : loaded 2 times (x 101B)
Class com.intellij.gradle.toolingExtension.util.GradleVersionUtil                     : loaded 2 times (x 71B)
Class org.gradle.tooling.internal.adapter.ProtocolToModelAdapter$SupportedPropertyInvoker: loaded 2 times (x 76B)
Class org.gradle.tooling.model.UnsupportedMethodException                             : loaded 2 times (x 82B)
Class com.google.common.collect.Sets$ImprovedAbstractSet                              : loaded 2 times (x 135B)
Class com.google.common.collect.ImmutableList$Builder                                 : loaded 2 times (x 77B)
Class com.google.common.collect.AbstractMultimap                                      : loaded 2 times (x 123B)
Class com.google.common.cache.LocalCache$2                                            : loaded 2 times (x 142B)
Class kotlin.collections.CollectionsKt__MutableCollectionsKt                          : loaded 2 times (x 71B)
Class org.jetbrains.kotlin.config.MavenComparableVersion$IntegerItem                  : loaded 2 times (x 80B)
Class com.google.common.collect.ImmutableRangeSet$1                                   : loaded 2 times (x 210B)
Class com.google.common.collect.RegularImmutableAsList                                : loaded 2 times (x 217B)
Class org.jetbrains.plugins.gradle.tooling.serialization.AnnotationProcessingModelSerializationService$WriteContext: loaded 2 times (x 72B)
Class com.google.common.collect.Range                                                 : loaded 2 times (x 87B)
Class com.google.common.util.concurrent.AbstractFuture$Trusted                        : loaded 2 times (x 70B)
Class com.google.common.collect.RegularImmutableMap                                   : loaded 2 times (x 121B)
Class com.intellij.compose.ide.plugin.gradleTooling.rt.ComposeResourcesModel          : loaded 2 times (x 70B)
Class org.jetbrains.plugins.gradle.tooling.serialization.ProjectDependenciesSerializationService$WriteContext: loaded 2 times (x 72B)
Class org.jetbrains.plugins.gradle.tooling.serialization.ProjectDependenciesSerializationService: loaded 2 times (x 77B)
Class org.gradle.tooling.model.kotlin.dsl.KotlinDslScriptModel                        : loaded 2 times (x 70B)
Class org.gradle.tooling.internal.adapter.CollectionMapper                            : loaded 2 times (x 73B)
Class [Lorg.jetbrains.kotlin.build.report.metrics.BuildTime;                          : loaded 2 times (x 69B)
Class org.gradle.api.internal.classpath.ManifestUtil                                  : loaded 2 times (x 71B)
Class com.google.common.util.concurrent.UncheckedExecutionException                   : loaded 2 times (x 82B)
Class org.gradle.kotlin.dsl.VersionCatalogAccessorsKt                                 : loaded 2 times (x 71B)
Class jdk.internal.jimage.ImageLocation                                               : loaded 2 times (x 90B)
Class org.jetbrains.kotlin.config.MavenComparableVersion                              : loaded 2 times (x 78B)
Class gnu.trove.THash                                                                 : loaded 2 times (x 81B)
Class com.intellij.gradle.toolingExtension.impl.model.buildScriptClasspathModel.GradleBuildScriptClasspathSerializationService$WriteContext: loaded 2 times (x 72B)
Class org.gradle.tooling.internal.adapter.ProtocolToModelAdapter                      : loaded 2 times (x 80B)
Class com.google.common.collect.AbstractMapBasedMultimap$KeySet$1                     : loaded 2 times (x 82B)
Class org.objectweb.asm.ClassWriter                                                   : loaded 2 times (x 106B)
Class com.google.common.cache.CacheLoader$UnsupportedLoadingOperationException        : loaded 2 times (x 82B)
Class com.google.common.base.CharMatcher$And                                          : loaded 2 times (x 112B)
Class jdk.internal.jimage.ImageBufferCache$1                                          : loaded 2 times (x 83B)
Class kotlin.collections.EmptyList                                                    : loaded 2 times (x 174B)
Class org.gradle.internal.time.DefaultTimer                                           : loaded 2 times (x 80B)
Class org.gradle.internal.classloader.ClasspathUtil$1                                 : loaded 2 times (x 76B)
Class org.objectweb.asm.FieldVisitor                                                  : loaded 2 times (x 77B)
Class com.google.common.collect.IndexedImmutableSet                                   : loaded 2 times (x 152B)
Class com.google.common.collect.ImmutableMap$1                                        : loaded 2 times (x 81B)
Class com.google.common.collect.BiMap                                                 : loaded 2 times (x 70B)
Class jdk.internal.jimage.ImageBufferCache$2                                          : loaded 2 times (x 91B)
Class org.gradle.tooling.internal.adapter.ProtocolToModelAdapter$ViewKey              : loaded 2 times (x 72B)
Class org.gradle.api.internal.classpath.DefaultModuleRegistry$DefaultModule           : loaded 2 times (x 86B)
Class com.google.common.primitives.Ints                                               : loaded 2 times (x 71B)
Class org.gradle.tooling.internal.adapter.ProtocolToModelAdapter$InvocationHandlerImpl: loaded 2 times (x 77B)
Class kotlin.ResultKt                                                                 : loaded 2 times (x 71B)
Class org.gradle.tooling.internal.adapter.ProtocolToModelAdapter$PropertyCachingMethodInvoker: loaded 2 times (x 76B)
Class com.google.common.collect.ObjectArrays                                          : loaded 2 times (x 71B)
Class com.google.common.collect.Multiset                                              : loaded 2 times (x 70B)
Class com.google.common.collect.ArrayListMultimapGwtSerializationDependencies         : loaded 2 times (x 172B)
Class org.gradle.tooling.model.build.GradleEnvironment                                : loaded 2 times (x 70B)
Class com.google.common.math.MathPreconditions                                        : loaded 2 times (x 71B)
Class org.jetbrains.plugins.gradle.model.ExternalTask                                 : loaded 2 times (x 70B)
Class kotlin.Result$Failure                                                           : loaded 2 times (x 72B)
Class kotlin.collections.ArraysKt__ArraysKt                                           : loaded 2 times (x 71B)
Class org.gradle.internal.time.DefaultCountdownTimer                                  : loaded 2 times (x 88B)
Class com.google.common.collect.ImmutableMapEntrySet                                  : loaded 2 times (x 152B)
Class org.jetbrains.plugins.gradle.model.GradleTaskModel                              : loaded 2 times (x 70B)
Class org.jetbrains.plugins.gradle.tooling.util.ObjectCollector                       : loaded 2 times (x 72B)
Class kotlin.collections.SetsKt__SetsJVMKt                                            : loaded 2 times (x 71B)
Class kotlin.Function                                                                 : loaded 2 times (x 70B)
Class org.gradle.tooling.internal.adapter.ProtocolToModelAdapter$AdaptingMethodInvoker: loaded 2 times (x 76B)
Class org.gradle.tooling.internal.gradle.DefaultBuildIdentifier                       : loaded 2 times (x 79B)
Class org.gradle.api.internal.classpath.Module                                        : loaded 2 times (x 70B)
Class com.google.common.cache.Weigher                                                 : loaded 2 times (x 70B)
Class com.intellij.openapi.externalSystem.model.project.IExternalSystemSourceType     : loaded 2 times (x 70B)
Class org.gradle.api.internal.classpath.UnknownModuleException                        : loaded 2 times (x 82B)
Class org.jetbrains.kotlin.config.ApiVersion                                          : loaded 2 times (x 86B)
Class com.google.common.base.Stopwatch                                                : loaded 2 times (x 72B)
Class com.google.common.cache.LocalCache$Strength                                     : loaded 2 times (x 81B)
Class com.google.common.cache.Cache                                                   : loaded 2 times (x 70B)
Class jdk.internal.jimage.ImageHeader                                                 : loaded 2 times (x 71B)
Class com.intellij.openapi.externalSystem.model.project.dependencies.ProjectDependencies: loaded 2 times (x 70B)
Class org.jetbrains.plugins.gradle.tooling.serialization.ProjectDependenciesSerializationService$ReadContext: loaded 2 times (x 72B)
Class com.google.common.util.concurrent.AbstractFuture$Cancellation                   : loaded 2 times (x 72B)
Class com.google.common.collect.ImmutableMap$Builder                                  : loaded 2 times (x 82B)
Class com.google.common.cache.RemovalListener                                         : loaded 2 times (x 70B)
Class org.jetbrains.plugins.gradle.tooling.serialization.RepositoriesModelSerializationService: loaded 2 times (x 82B)
Class org.gradle.tooling.internal.gradle.GradleProjectIdentity                        : loaded 2 times (x 70B)
Class org.gradle.api.internal.DefaultClassPathRegistry                                : loaded 2 times (x 76B)
Class com.google.common.primitives.IntsMethodsForWeb                                  : loaded 2 times (x 71B)
Class org.jetbrains.plugins.gradle.tooling.util.IntObjectMap$ObjectFactory            : loaded 2 times (x 70B)
Class org.jetbrains.plugins.gradle.tooling.serialization.RepositoriesModelSerializationService$ReadContext: loaded 2 times (x 72B)
Class org.gradle.api.internal.ClassPathRegistry                                       : loaded 2 times (x 70B)
Class org.gradle.internal.classpath.DefaultClassPath$ImmutableUniqueList              : loaded 2 times (x 199B)
Class jdk.internal.jimage.decompressor.ResourceDecompressor                           : loaded 2 times (x 70B)
Class com.intellij.gradle.toolingExtension.impl.model.projectModel.GradleExternalProjectSerializationService$WriteContext: loaded 2 times (x 73B)
Class com.google.common.collect.ImmutableList$1                                       : loaded 2 times (x 97B)
Class com.google.common.cache.CacheBuilder                                            : loaded 2 times (x 72B)
Class com.google.common.collect.SingletonImmutableList                                : loaded 2 times (x 207B)
Class Settings_gradle$1                                                               : loaded 2 times (x 74B)
Class kotlin.collections.SetsKt                                                       : loaded 2 times (x 71B)
Class org.gradle.internal.classpath.ClassPath                                         : loaded 2 times (x 70B)
Class com.google.common.base.JdkPattern                                               : loaded 2 times (x 75B)
Class com.google.common.collect.ImmutableList$ReverseImmutableList                    : loaded 2 times (x 209B)
Class org.jetbrains.plugins.gradle.tooling.serialization.KotlinDslScriptsModelSerializationService: loaded 2 times (x 81B)
Class kotlin.collections.ArrayDeque                                                   : loaded 2 times (x 207B)
Class org.objectweb.asm.SymbolTable$Entry                                             : loaded 2 times (x 74B)
Class org.jetbrains.kotlin.idea.gradleTooling.KotlinGradleModel                       : loaded 2 times (x 70B)
Class org.jetbrains.plugins.gradle.tooling.serialization.ExternalTestsSerializationService$WriteContext: loaded 2 times (x 72B)
Class org.objectweb.asm.Edge                                                          : loaded 2 times (x 72B)
Class com.google.common.base.Suppliers$SupplierOfInstance                             : loaded 2 times (x 79B)
Class com.google.common.util.concurrent.ExecutionError                                : loaded 2 times (x 82B)
Class jdk.internal.jimage.ImageStringsReader                                          : loaded 2 times (x 80B)
Class org.gradle.tooling.model.Model                                                  : loaded 2 times (x 70B)
Class com.google.common.cache.LocalCache$ComputingValueReference                      : loaded 2 times (x 96B)
Class com.google.common.collect.SingletonImmutableSet                                 : loaded 2 times (x 146B)
Class com.google.common.collect.ImmutableMap$IteratorBasedImmutableMap                : loaded 2 times (x 126B)
Class com.android.ide.gradle.model.composites.BuildMap                                : loaded 2 times (x 70B)
Class sync_studio_tooling9_7c686hyk8ka4aui0qvf9brr9u                                  : loaded 2 times (x 171B)
Class kotlin.Metadata                                                                 : loaded 2 times (x 70B)
Class kotlin.UninitializedPropertyAccessException                                     : loaded 2 times (x 82B)
Class com.google.common.cache.LocalCache$Segment                                      : loaded 2 times (x 154B)
Class jdk.internal.jimage.ImageReader                                                 : loaded 2 times (x 75B)
Class org.jetbrains.plugins.gradle.model.IntelliJProjectSettings                      : loaded 2 times (x 70B)
Class org.gradle.tooling.internal.adapter.ProtocolToModelAdapter$MethodInvocationCache: loaded 2 times (x 73B)
Class org.jetbrains.kotlin.utils.DescriptionAware                                     : loaded 2 times (x 70B)
Class com.google.common.collect.SortedIterable                                        : loaded 2 times (x 70B)
Class com.google.common.collect.AbstractListMultimap                                  : loaded 2 times (x 172B)
Class [Lorg.objectweb.asm.SymbolTable$Entry;                                          : loaded 2 times (x 69B)
Class com.google.common.cache.CacheLoader                                             : loaded 2 times (x 74B)
Class com.google.common.collect.ImmutableEnumSet                                      : loaded 2 times (x 146B)
Class com.google.common.collect.ImmutableBiMap                                        : loaded 2 times (x 143B)
Class jdk.internal.jimage.ImageReader$SharedImageReader                               : loaded 2 times (x 95B)
Class org.jetbrains.plugins.gradle.model.ExternalDependency                           : loaded 2 times (x 70B)
Class com.intellij.util.containers.IntObjectHashMap                                   : loaded 2 times (x 72B)
Class ijInit1_ic8vcn5f6c70j5a9pxamkuls$_run_closure1                                  : loaded 2 times (x 140B)
Class org.gradle.api.internal.classpath.ModuleRegistry                                : loaded 2 times (x 70B)
Class org.gradle.internal.installation.GradleInstallation$1                           : loaded 2 times (x 75B)
Class com.google.common.util.concurrent.internal.InternalFutureFailureAccess          : loaded 2 times (x 72B)
Class org.gradle.internal.classloader.ClassLoaderHierarchy                            : loaded 2 times (x 70B)
Class com.google.common.collect.ImmutableSet$JdkBackedSetBuilderImpl                  : loaded 2 times (x 76B)
Class jdk.internal.jimage.decompressor.ResourceDecompressorFactory                    : loaded 2 times (x 74B)
Class org.jetbrains.plugins.gradle.model.VersionCatalogsModel                         : loaded 2 times (x 70B)
Class com.intellij.gradle.toolingExtension.impl.model.sourceSetDependencyModel.GradleSourceSetDependencySerialisationService$SourceSetDependencyModelReadContext: loaded 2 times (x 72B)
Class com.intellij.gradle.toolingExtension.impl.model.dependencyModel.DependencyReadContext: loaded 2 times (x 72B)
Class org.gradle.tooling.internal.adapter.ObjectGraphAdapter                          : loaded 2 times (x 70B)
Class com.google.common.cache.LocalCache$LocalManualCache$1                           : loaded 2 times (x 75B)
Class com.google.common.base.CharMatcher$ForPredicate                                 : loaded 2 times (x 112B)
Class org.jetbrains.plugins.gradle.model.ProjectImportModelProvider                   : loaded 2 times (x 70B)
Class org.jetbrains.plugins.gradle.model.ExternalSourceSet                            : loaded 2 times (x 70B)
Class com.intellij.gradle.toolingExtension.impl.model.warmUp.GradleTaskWarmUpRequest  : loaded 2 times (x 70B)
Class kotlin.coroutines.intrinsics.IntrinsicsKt__IntrinsicsKt                         : loaded 2 times (x 71B)
Class com.google.common.base.CharMatcher$AnyOf                                        : loaded 2 times (x 112B)
Class kotlin.collections.CollectionsKt__ReversedViewsKt                               : loaded 2 times (x 71B)
Class jdk.internal.jimage.ImageReader$Node                                            : loaded 2 times (x 84B)
Class com.intellij.gradle.toolingExtension.impl.model.sourceSetArtifactIndex.GradleSourceSetArtifactBuildRequest: loaded 2 times (x 70B)
Class kotlin.collections.CollectionsKt__CollectionsJVMKt                              : loaded 2 times (x 71B)
Class org.gradle.api.internal.classpath.DefaultModuleRegistry                         : loaded 2 times (x 86B)
Class org.jetbrains.kotlin.build.report.metrics.GradleBuildTime$Companion             : loaded 2 times (x 71B)
Class kotlin.sequences.SequencesKt__SequenceBuilderKt                                 : loaded 2 times (x 71B)
Class com.google.common.util.concurrent.ListenableFuture                              : loaded 2 times (x 70B)
Class com.google.common.cache.ReferenceEntry                                          : loaded 2 times (x 70B)
Class com.google.common.base.Converter                                                : loaded 2 times (x 90B)
Class com.google.common.collect.ImmutableSet$CachingAsList                            : loaded 2 times (x 148B)
Class jdk.internal.jimage.BasicImageReader$1                                          : loaded 2 times (x 77B)
Class org.jetbrains.plugins.gradle.tooling.serialization.internal.IdeaProjectSerializationService$WriteContext$1: loaded 2 times (x 83B)
Class org.jetbrains.plugins.gradle.model.ExternalProject                              : loaded 2 times (x 70B)
Class kotlin.sequences.SequencesKt                                                    : loaded 2 times (x 71B)
Class kotlin.collections.CollectionsKt__IteratorsKt                                   : loaded 2 times (x 71B)
Class com.google.common.collect.AbstractMapBasedMultimap                              : loaded 2 times (x 139B)
Class com.google.common.util.concurrent.AbstractFuture                                : loaded 2 times (x 106B)
Class com.google.common.base.FunctionalEquivalence                                    : loaded 2 times (x 83B)
Class com.intellij.gradle.toolingExtension.impl.model.sourceSetModel.GradleSourceSetSerialisationService$Companion: loaded 2 times (x 71B)
Class com.google.common.collect.ImmutableAsList                                       : loaded 2 times (x 209B)
Class org.jetbrains.plugins.gradle.tooling.serialization.internal.IdeaProjectSerializationService$WriteContext$2: loaded 2 times (x 83B)
Class org.objectweb.asm.RecordComponentVisitor                                        : loaded 2 times (x 77B)
Class com.google.common.cache.CacheLoader$SupplierToCacheLoader                       : loaded 2 times (x 75B)
Class org.jetbrains.plugins.gradle.tooling.serialization.AnnotationProcessingModelSerializationService$ReadContext: loaded 2 times (x 72B)
Class org.jetbrains.plugins.gradle.tooling.serialization.internal.IdeaProjectSerializationService$WriteContext$3: loaded 2 times (x 83B)
Class gnu.trove.TObjectHash$NULL                                                      : loaded 2 times (x 71B)
Class kotlin.coroutines.jvm.internal.RestrictedContinuationImpl                       : loaded 2 times (x 87B)
Class jdk.internal.jimage.BasicImageReader                                            : loaded 2 times (x 95B)
Class jdk.internal.jimage.decompressor.Decompressor                                   : loaded 2 times (x 72B)
Class org.jetbrains.kotlin.idea.gradleTooling.AndroidAwareGradleModelProvider         : loaded 2 times (x 79B)
Class org.jetbrains.plugins.gradle.tooling.serialization.internal.IdeaProjectSerializationService$WriteContext$4: loaded 2 times (x 83B)
Class com.intellij.gradle.toolingExtension.impl.model.sourceSetDependencyModel.GradleSourceSetDependencySerialisationService$Companion: loaded 2 times (x 71B)
Class kotlin.jvm.internal.markers.KMutableList                                        : loaded 2 times (x 70B)
Class org.gradle.internal.time.MonotonicClock                                         : loaded 2 times (x 77B)
Class org.gradle.internal.service.ServiceLookupException                              : loaded 2 times (x 82B)
Class com.google.common.collect.ImmutableSortedSet                                    : loaded 2 times (x 300B)
Class [Lcom.google.common.cache.LocalCache$EntryFactory;                              : loaded 2 times (x 69B)
Class com.intellij.gradle.toolingExtension.util.GradleVersionSpecificsUtil            : loaded 2 times (x 71B)
Class org.jetbrains.plugins.gradle.tooling.serialization.internal.IdeaProjectSerializationService$WriteContext$5: loaded 2 times (x 83B)
Class com.intellij.gradle.toolingExtension.impl.model.sourceSetDependencyModel.GradleSourceSetDependencySerialisationService$SourceSetDependencyModelWriteContext: loaded 2 times (x 72B)
Class org.gradle.internal.classloader.ClassLoaderFactory                              : loaded 2 times (x 70B)
Class com.google.common.base.CommonPattern                                            : loaded 2 times (x 74B)
Class com.google.common.cache.LocalCache$LocalManualCache                             : loaded 2 times (x 99B)
Class com.google.common.base.CharMatcher$IsNot                                        : loaded 2 times (x 111B)
Class org.jetbrains.plugins.gradle.tooling.serialization.internal.IdeaProjectSerializationService$WriteContext$6: loaded 2 times (x 83B)
Class org.jetbrains.plugins.gradle.tooling.util.IntObjectMap                          : loaded 2 times (x 73B)
Class org.gradle.internal.service.CachingServiceLocator                               : loaded 2 times (x 82B)
Class com.google.common.collect.AbstractMapBasedMultimap$KeySet                       : loaded 2 times (x 137B)
Class com.google.common.collect.RegularImmutableSortedSet                             : loaded 2 times (x 300B)
Class com.google.common.math.IntMath                                                  : loaded 2 times (x 71B)
Class org.jetbrains.plugins.gradle.model.RepositoryModels                             : loaded 2 times (x 70B)
Class org.jetbrains.plugins.gradle.tooling.serialization.internal.IdeaProjectSerializationService$WriteContext$7: loaded 2 times (x 83B)
Class org.jetbrains.kotlin.build.report.metrics.BuildTime                             : loaded 2 times (x 70B)
Class com.google.common.collect.ImmutableMapEntry                                     : loaded 2 times (x 85B)
Class org.jetbrains.plugins.gradle.tooling.serialization.internal.IdeaProjectSerializationService$WriteContext$8: loaded 2 times (x 83B)
Class gnu.trove.TObjectIntProcedure                                                   : loaded 2 times (x 70B)
Class org.gradle.internal.time.TimeSource                                             : loaded 2 times (x 70B)
Class org.gradle.tooling.model.kotlin.dsl.KotlinDslScriptsModel                       : loaded 2 times (x 70B)
Class com.google.common.base.Equivalence                                              : loaded 2 times (x 82B)
Class com.google.common.base.Function                                                 : loaded 2 times (x 70B)
Class com.google.common.collect.ImmutableMapEntry$NonTerminalImmutableMapEntry        : loaded 2 times (x 85B)
Class org.jetbrains.plugins.gradle.tooling.serialization.SerializationService         : loaded 2 times (x 70B)
Class org.gradle.tooling.internal.gradle.GradleBuildIdentity                          : loaded 2 times (x 70B)
Class kotlin.enums.EnumEntries                                                        : loaded 2 times (x 70B)
Class com.google.common.cache.CacheBuilder$OneWeigher                                 : loaded 2 times (x 82B)
Class com.google.common.collect.RegularImmutableList                                  : loaded 2 times (x 213B)
Class org.jetbrains.plugins.gradle.tooling.serialization.internal.adapter.Supplier    : loaded 2 times (x 70B)
Class org.gradle.tooling.internal.adapter.ProtocolToModelAdapter$MixInMappingAction   : loaded 2 times (x 80B)
Class org.gradle.internal.exceptions.ResolutionProvider                               : loaded 2 times (x 70B)
Class jdk.internal.jimage.ImageBufferCache                                            : loaded 2 times (x 71B)
Class jdk.internal.jrtfs.JrtPath                                                      : loaded 2 times (x 118B)
Class org.gradle.tooling.model.ProjectIdentifier                                      : loaded 2 times (x 70B)
Class org.gradle.internal.classloader.ClasspathUtil                                   : loaded 2 times (x 71B)
Class org.jetbrains.kotlin.tooling.core.HasExtras                                     : loaded 2 times (x 70B)
Class com.google.common.util.concurrent.Uninterruptibles                              : loaded 2 times (x 71B)
Class com.intellij.gradle.toolingExtension.impl.model.sourceSetModel.GradleSourceSetSerialisationService: loaded 2 times (x 77B)
Class com.google.common.util.concurrent.LazyLogger                                    : loaded 2 times (x 72B)
Class com.google.common.collect.Maps                                                  : loaded 2 times (x 71B)
Class org.gradle.internal.time.TimeSource$1                                           : loaded 2 times (x 77B)
Class kotlin.jvm.internal.DefaultConstructorMarker                                    : loaded 2 times (x 71B)
Class org.gradle.api.specs.Spec                                                       : loaded 2 times (x 70B)
Class [Lcom.google.common.collect.ImmutableEntry;                                     : loaded 2 times (x 69B)
Class com.google.common.cache.LocalCache$LoadingValueReference                        : loaded 2 times (x 96B)
Class com.intellij.gradle.toolingExtension.impl.model.buildScriptClasspathModel.GradleBuildScriptClasspathSerializationService: loaded 2 times (x 77B)
Class com.google.common.base.Platform                                                 : loaded 2 times (x 71B)
Class jdk.internal.jimage.decompressor.ResourceDecompressorRepository                 : loaded 2 times (x 71B)
Class org.jetbrains.plugins.gradle.model.FileCollectionDependency                     : loaded 2 times (x 70B)
Class com.intellij.gradle.toolingExtension.impl.model.utilDummyModel.DummyModel       : loaded 2 times (x 70B)
Class org.gradle.internal.time.Clock                                                  : loaded 2 times (x 70B)
Class [Lorg.objectweb.asm.AnnotationWriter;                                           : loaded 2 times (x 69B)
Class com.google.common.collect.Maps$8                                                : loaded 2 times (x 82B)
Class jdk.internal.jimage.ImageReader$Directory                                       : loaded 2 times (x 84B)
Class org.jetbrains.plugins.gradle.model.GradleSourceSetDependencyModel               : loaded 2 times (x 70B)
Class kotlin.sequences.SequencesKt__SequencesJVMKt                                    : loaded 2 times (x 71B)
Class kotlin.coroutines.jvm.internal.RestrictedSuspendLambda                          : loaded 2 times (x 91B)
Class org.gradle.tooling.internal.adapter.TypeInspector                               : loaded 2 times (x 73B)
Class org.gradle.tooling.internal.adapter.ProtocolToModelAdapter$NoOpDecoration       : loaded 2 times (x 79B)
Class org.gradle.tooling.model.Element                                                : loaded 2 times (x 70B)
Class kotlin.collections.AbstractList                                                 : loaded 2 times (x 197B)
Class kotlin.collections.AbstractCollection                                           : loaded 2 times (x 117B)
Class com.google.common.collect.ImmutableRangeSet$Builder                             : loaded 2 times (x 77B)
Class org.jetbrains.kotlin.tooling.core.Extras                                        : loaded 2 times (x 70B)
Class com.google.common.collect.Sets$SetView                                          : loaded 2 times (x 138B)
Class com.google.common.cache.LocalCache$StrongValueReference                         : loaded 2 times (x 90B)
Class com.intellij.gradle.toolingExtension.impl.model.taskModel.GradleTaskSerialisationService: loaded 2 times (x 76B)
Class kotlin.sequences.SequencesKt__SequenceBuilderKt$sequence$$inlined$Sequence$1    : loaded 2 times (x 75B)
Class kotlin.Triple                                                                   : loaded 2 times (x 72B)
Class org.objectweb.asm.Type                                                          : loaded 2 times (x 72B)
Class org.jetbrains.plugins.gradle.tooling.util.IntObjectMap$1                        : loaded 2 times (x 77B)
Class org.gradle.internal.classloader.VisitableURLClassLoader$InstrumentingVisitableURLClassLoader: loaded 2 times (x 123B)
Class org.objectweb.asm.ByteVector                                                    : loaded 2 times (x 79B)
Class [Lcom.google.common.cache.CacheBuilder$NullListener;                            : loaded 2 times (x 69B)
Class com.google.common.math.IntMath$1                                                : loaded 2 times (x 71B)
Class ijInit1_ic8vcn5f6c70j5a9pxamkuls                                                : loaded 2 times (x 171B)
Class kotlin.collections.SetsKt___SetsKt                                              : loaded 2 times (x 71B)
Class kotlin.sequences.SequencesKt__SequencesKt                                       : loaded 2 times (x 71B)
Class kotlin.coroutines.Continuation                                                  : loaded 2 times (x 70B)
Class org.gradle.internal.classloader.VisitableURLClassLoader$Spec                    : loaded 2 times (x 74B)
Class org.gradle.internal.classpath.DefaultClassPath                                  : loaded 2 times (x 90B)
Class [Lorg.jetbrains.kotlin.build.report.metrics.GradleBuildTime;                    : loaded 2 times (x 69B)
Class org.objectweb.asm.Symbol                                                        : loaded 2 times (x 73B)
Class jdk.internal.jimage.decompressor.ZipDecompressorFactory                         : loaded 2 times (x 74B)
Class org.jetbrains.plugins.gradle.model.GradleBuildScriptClasspathModel              : loaded 2 times (x 70B)
Class kotlin.coroutines.jvm.internal.BaseContinuationImpl                             : loaded 2 times (x 87B)
Class kotlin.Result$Companion                                                         : loaded 2 times (x 71B)
Class org.gradle.util.internal.DefaultGradleVersion                                   : loaded 2 times (x 82B)
Class org.jetbrains.kotlin.config.ApiVersion$Companion                                : loaded 2 times (x 71B)
Class com.google.common.base.CharMatcher$BitSetMatcher                                : loaded 2 times (x 112B)
Class com.google.common.collect.RegularImmutableMap$Values                            : loaded 2 times (x 207B)
Class com.google.common.collect.ImmutableSet                                          : loaded 2 times (x 145B)
Class org.gradle.internal.classloader.ClassLoaderSpec                                 : loaded 2 times (x 71B)
Class org.objectweb.asm.AnnotationWriter                                              : loaded 2 times (x 79B)
Class com.google.common.cache.CacheStats                                              : loaded 2 times (x 71B)
Class kotlin.collections.CollectionsKt___CollectionsJvmKt                             : loaded 2 times (x 71B)
Class org.jetbrains.kotlin.config.MavenComparableVersion$ListItem                     : loaded 2 times (x 218B)
Class org.objectweb.asm.RecordComponentWriter                                         : loaded 2 times (x 78B)
Class com.google.common.util.concurrent.AbstractFuture$Listener                       : loaded 2 times (x 72B)
Class com.google.common.base.CharMatcher$Or                                           : loaded 2 times (x 112B)
Class Settings_gradle$1$1                                                             : loaded 2 times (x 74B)
Class sync_studio_tooling9_7c686hyk8ka4aui0qvf9brr9u$_run_closure1                    : loaded 2 times (x 139B)
Class kotlin.jvm.internal.markers.KMutableIterable                                    : loaded 2 times (x 70B)
Class kotlin.Unit                                                                     : loaded 2 times (x 71B)
Class kotlin.sequences.SequencesKt___SequencesJvmKt                                   : loaded 2 times (x 71B)
Class org.gradle.tooling.internal.adapter.ProtocolToModelAdapter$DefaultViewBuilder   : loaded 2 times (x 80B)
Class [Lorg.jetbrains.kotlin.utils.DescriptionAware;                                  : loaded 2 times (x 69B)
Class org.objectweb.asm.Attribute                                                     : loaded 2 times (x 77B)
Class com.google.common.base.Supplier                                                 : loaded 2 times (x 70B)
Class org.gradle.tooling.internal.adapter.ProtocolToModelAdapter$ViewGraphDetails$1   : loaded 2 times (x 77B)
Class org.gradle.internal.classloader.VisitableURLClassLoader                         : loaded 2 times (x 117B)
Class Settings_gradle                                                                 : loaded 2 times (x 124B)
Class org.jetbrains.plugins.gradle.tooling.serialization.ExternalTestsSerializationService$ReadContext: loaded 2 times (x 72B)
Class kotlin.jvm.functions.Function0                                                  : loaded 2 times (x 70B)
Class kotlin.collections.ArraysUtilJVM                                                : loaded 2 times (x 71B)
Class com.google.common.base.CharMatcher$IsEither                                     : loaded 2 times (x 111B)
Class org.gradle.internal.classloader.FilteringClassLoader                            : loaded 2 times (x 105B)
Class org.gradle.tooling.model.idea.IdeaDependency                                    : loaded 2 times (x 70B)
Class com.google.common.base.Strings                                                  : loaded 2 times (x 71B)
Class com.google.common.collect.Sets                                                  : loaded 2 times (x 71B)
Class org.objectweb.asm.Handler                                                       : loaded 2 times (x 72B)
Class com.google.common.base.Ticker                                                   : loaded 2 times (x 72B)
Class com.google.common.base.CharMatcher$FastMatcher                                  : loaded 2 times (x 111B)
Class jdk.internal.jimage.decompressor.ZipDecompressor                                : loaded 2 times (x 75B)
Class kotlin.collections.AbstractMutableList                                          : loaded 2 times (x 206B)
Class kotlin.jvm.functions.Function1                                                  : loaded 2 times (x 70B)
Class [Lcom.google.common.cache.LocalCache$Segment;                                   : loaded 2 times (x 69B)
Class [Lcom.google.common.cache.LocalCache$Strength;                                  : loaded 2 times (x 69B)
Class com.google.common.cache.CacheBuilder$1                                          : loaded 2 times (x 85B)
Class com.google.common.base.Predicate                                                : loaded 2 times (x 70B)
Class com.google.common.collect.ImmutableMap                                          : loaded 2 times (x 120B)
Class org.jetbrains.plugins.gradle.tooling.serialization.internal.IdeaProjectSerializationService$WriteContext: loaded 2 times (x 72B)
Class com.intellij.gradle.toolingExtension.impl.model.sourceSetDependencyModel.GradleSourceSetDependencySerialisationService: loaded 2 times (x 77B)
Class org.jetbrains.plugins.gradle.model.GradleSourceSetModel                         : loaded 2 times (x 70B)
Class kotlin.jvm.functions.Function2                                                  : loaded 2 times (x 70B)
Class org.gradle.internal.classpath.DefaultClassPath$ImmutableUniqueList$Builder      : loaded 2 times (x 75B)
Class com.google.common.collect.AbstractRangeSet                                      : loaded 2 times (x 114B)
Class com.google.common.cache.LocalCache                                              : loaded 2 times (x 187B)
Class com.google.common.cache.CacheBuilder$2                                          : loaded 2 times (x 79B)
Class com.google.common.base.CharMatcher$NegatedFastMatcher                           : loaded 2 times (x 113B)
Class com.android.ide.gradle.model.dependencies.Coordinates                           : loaded 2 times (x 70B)
Class org.gradle.tooling.internal.adapter.WeakIdentityHashMap$AbsentValueProvider     : loaded 2 times (x 70B)
Class org.jetbrains.kotlin.config.LanguageVersion                                     : loaded 2 times (x 91B)
Class com.google.common.collect.ArrayListMultimap                                     : loaded 2 times (x 172B)
Class com.google.common.cache.CacheBuilder$3                                          : loaded 2 times (x 72B)
Class [Lcom.google.common.collect.AbstractMapEntry;                                   : loaded 2 times (x 69B)
Class com.google.common.collect.ImmutableEntry                                        : loaded 2 times (x 82B)
Class gnu.trove.TObjectHash                                                           : loaded 2 times (x 94B)
Class org.jetbrains.plugins.gradle.tooling.util.ObjectCollector$Processor             : loaded 2 times (x 70B)
Class kotlin.annotation.Target                                                        : loaded 2 times (x 70B)
Class kotlin.collections.CollectionsKt___CollectionsKt                                : loaded 2 times (x 71B)
Class kotlin.NotImplementedError                                                      : loaded 2 times (x 82B)
Class org.gradle.internal.exceptions.NonGradleCauseExceptionsHolder                   : loaded 2 times (x 70B)
Class org.gradle.tooling.model.idea.IdeaModuleDependency                              : loaded 2 times (x 70B)
Class org.gradle.tooling.internal.adapter.ViewBuilder                                 : loaded 2 times (x 70B)
Class com.google.common.collect.CollectPreconditions                                  : loaded 2 times (x 71B)
Class jdk.internal.jimage.ImageStrings                                                : loaded 2 times (x 70B)
Class org.jetbrains.plugins.gradle.model.AnnotationProcessingConfig                   : loaded 2 times (x 70B)
Class gnu.trove.Equality                                                              : loaded 2 times (x 70B)
Class kotlin.annotation.Retention                                                     : loaded 2 times (x 70B)
Class com.google.common.collect.SortedMapDifference                                   : loaded 2 times (x 70B)
Class org.jetbrains.plugins.gradle.tooling.ModelBuilderService$Parameter              : loaded 2 times (x 70B)
Class kotlin.collections.ArraysKt___ArraysKt                                          : loaded 2 times (x 71B)
Class com.google.common.cache.LocalCache$EntryFactory                                 : loaded 2 times (x 83B)
Class gnu.trove.TObjectHashingStrategy                                                : loaded 2 times (x 70B)
Class org.gradle.tooling.internal.adapter.ProtocolToModelAdapter$ReflectionMethodInvoker: loaded 2 times (x 76B)
Class org.jetbrains.kotlin.tooling.core.HasMutableExtras                              : loaded 2 times (x 70B)
Class com.google.common.cache.LocalCache$AbstractReferenceEntry                       : loaded 2 times (x 107B)
Class kotlin.collections.CollectionsKt__MutableCollectionsJVMKt                       : loaded 2 times (x 71B)
Class com.android.ide.gradle.model.dependencies.DeclaredDependencies                  : loaded 2 times (x 70B)
Class kotlin.enums.EnumEntriesKt                                                      : loaded 2 times (x 71B)
Class com.google.common.collect.ImmutableRangeSet$ComplementRanges                    : loaded 2 times (x 207B)
Class org.objectweb.asm.SymbolTable                                                   : loaded 2 times (x 72B)
Class com.google.common.cache.CacheLoader$InvalidCacheLoadException                   : loaded 2 times (x 82B)
Class com.google.common.collect.ImmutableSet$RegularSetBuilderImpl                    : loaded 2 times (x 77B)
Class com.intellij.gradle.toolingExtension.model.repositoryModel.ProjectRepositoriesModel: loaded 2 times (x 70B)
Class org.jetbrains.plugins.gradle.model.GradleProperty                               : loaded 2 times (x 70B)
Class gnu.trove.TObjectCanonicalHashingStrategy                                       : loaded 2 times (x 78B)
Class org.gradle.internal.classloader.SystemClassLoaderSpec                           : loaded 2 times (x 71B)
Class com.google.common.cache.LocalCache$StrongEntry                                  : loaded 2 times (x 108B)
Class com.google.common.util.concurrent.AbstractFuture$TrustedFuture                  : loaded 2 times (x 114B)
Class com.google.common.cache.LoadingCache                                            : loaded 2 times (x 70B)
Class kotlin.jvm.internal.markers.KMutableCollection                                  : loaded 2 times (x 70B)
Class kotlin.coroutines.intrinsics.IntrinsicsKt                                       : loaded 2 times (x 71B)
Class org.gradle.internal.exceptions.MultiCauseException                              : loaded 2 times (x 70B)
Class org.gradle.internal.time.CountdownTimer                                         : loaded 2 times (x 70B)
Class kotlin.jvm.internal.Intrinsics                                                  : loaded 2 times (x 71B)
Class org.objectweb.asm.MethodWriter                                                  : loaded 2 times (x 106B)
Class [Lcom.google.common.cache.Weigher;                                              : loaded 2 times (x 69B)
Class com.google.common.collect.RegularImmutableMap$BucketOverflowException           : loaded 2 times (x 82B)
Class jdk.internal.jrtfs.JrtFileSystem                                                : loaded 2 times (x 102B)
Class com.intellij.gradle.toolingExtension.impl.model.projectModel.GradleExternalProjectSerializationService$ReadContext: loaded 2 times (x 73B)
Class com.intellij.gradle.toolingExtension.impl.model.dependencyModel.DependencyWriteContext: loaded 2 times (x 72B)
Class kotlin.coroutines.intrinsics.CoroutineSingletons                                : loaded 2 times (x 79B)
Class kotlin.collections.CollectionsKt__IterablesKt                                   : loaded 2 times (x 71B)
Class org.gradle.tooling.model.ProjectModel                                           : loaded 2 times (x 70B)
Class jdk.internal.jimage.decompressor.CompressedResourceHeader                       : loaded 2 times (x 71B)
Class kotlin.sequences.SequenceBuilderIterator                                        : loaded 2 times (x 85B)
Class kotlin.KotlinNullPointerException                                               : loaded 2 times (x 83B)
Class com.google.common.collect.RegularImmutableBiMap                                 : loaded 2 times (x 149B)
Class com.google.common.cache.LocalCache$ValueReference                               : loaded 2 times (x 70B)
Class com.google.common.base.CharMatcher$Negated                                      : loaded 2 times (x 113B)
Class com.google.common.base.CharMatcher$Is                                           : loaded 2 times (x 111B)
Class org.jetbrains.plugins.gradle.model.tests.ExternalTestsModel                     : loaded 2 times (x 70B)
Class org.gradle.tooling.internal.adapter.ProtocolToModelAdapter$SafeMethodInvoker    : loaded 2 times (x 76B)
Class org.gradle.tooling.internal.adapter.WeakIdentityHashMap$WeakKey                 : loaded 2 times (x 79B)
Class org.gradle.internal.exceptions.DefaultMultiCauseException                       : loaded 2 times (x 95B)
Class com.google.common.base.PatternCompiler                                          : loaded 2 times (x 70B)
Class com.google.common.util.concurrent.AbstractFuture$Failure                        : loaded 2 times (x 72B)
Class com.google.common.base.Equivalence$Equals                                       : loaded 2 times (x 82B)
Class com.google.common.collect.Hashing                                               : loaded 2 times (x 71B)
Class org.jetbrains.plugins.gradle.tooling.serialization.internal.IdeaProjectSerializationService$ReadContext: loaded 2 times (x 72B)
Class com.intellij.gradle.toolingExtension.impl.model.projectModel.GradleExternalProjectSerializationService: loaded 2 times (x 77B)
Class kotlin.collections.ArrayDeque$Companion                                         : loaded 2 times (x 71B)
Class kotlin.collections.ArraysKt                                                     : loaded 2 times (x 71B)
Class org.gradle.tooling.model.HierarchicalElement                                    : loaded 2 times (x 70B)
Class com.google.common.base.Joiner$1                                                 : loaded 2 times (x 80B)
Class org.objectweb.asm.Label                                                         : loaded 2 times (x 73B)
Class org.objectweb.asm.CurrentFrame                                                  : loaded 2 times (x 73B)
Class org.objectweb.asm.ClassTooLargeException                                        : loaded 2 times (x 83B)
Class com.google.common.base.CharMatcher                                              : loaded 2 times (x 111B)
Class com.google.common.collect.RegularImmutableMap$KeySet                            : loaded 2 times (x 152B)
Class org.jetbrains.plugins.gradle.tooling.serialization.ExternalTestsSerializationService: loaded 2 times (x 77B)
Class kotlin.collections.SetsKt__SetsKt                                               : loaded 2 times (x 71B)
Class kotlin.coroutines.EmptyCoroutineContext                                         : loaded 2 times (x 77B)
Class org.gradle.internal.time.Time                                                   : loaded 2 times (x 71B)
Class org.jetbrains.kotlin.config.MavenComparableVersion$Item                         : loaded 2 times (x 70B)
Class com.google.common.collect.RangeGwtSerializationDependencies                     : loaded 2 times (x 71B)
Class com.google.common.base.Joiner$2                                                 : loaded 2 times (x 79B)
Class org.objectweb.asm.Frame                                                         : loaded 2 times (x 73B)
Class org.objectweb.asm.MethodVisitor                                                 : loaded 2 times (x 105B)
Class com.google.common.cache.LocalCache$EntryFactory$1                               : loaded 2 times (x 83B)
Class [Lcom.google.common.cache.RemovalListener;                                      : loaded 2 times (x 69B)
Class com.google.common.base.CharMatcher$1                                            : loaded 2 times (x 113B)
Class com.google.common.base.CharMatcher$NamedFastMatcher                             : loaded 2 times (x 112B)
Class org.jetbrains.plugins.gradle.tooling.serialization.AnnotationProcessingModelSerializationService: loaded 2 times (x 77B)
Class kotlin.collections.ArraysKt__ArraysJVMKt                                        : loaded 2 times (x 71B)
Class com.google.common.collect.RangeSet                                              : loaded 2 times (x 70B)
Class com.google.common.cache.LocalCache$EntryFactory$2                               : loaded 2 times (x 83B)
Class org.jetbrains.plugins.gradle.model.DependencyAccessorsModel                     : loaded 2 times (x 70B)
Class [Lcom.intellij.openapi.externalSystem.model.project.dependencies.ResolutionState;: loaded 2 times (x 69B)
Class gnu.trove.TObjectIntHashMap                                                     : loaded 2 times (x 109B)
Class org.gradle.api.internal.classpath.GlobalCacheRootsProvider                      : loaded 2 times (x 70B)
Class com.google.common.collect.CollectCollectors                                     : loaded 2 times (x 71B)
Class org.objectweb.asm.ModuleWriter                                                  : loaded 2 times (x 82B)
Class com.google.common.cache.LocalCache$EntryFactory$3                               : loaded 2 times (x 83B)
Class com.google.common.base.Ticker$1                                                 : loaded 2 times (x 72B)
Class com.google.common.collect.Maps$BiMapConverter                                   : loaded 2 times (x 90B)
Class com.google.common.collect.ImmutableMapEntrySet$RegularEntrySet                  : loaded 2 times (x 152B)
Class org.jetbrains.kotlin.idea.gradleTooling.KotlinMPPGradleModel                    : loaded 2 times (x 70B)
Class com.intellij.gradle.toolingExtension.impl.model.dependencyDownloadPolicyModel.GradleDependencyDownloadPolicy: loaded 2 times (x 70B)
Class org.gradle.tooling.model.BuildIdentifier                                        : loaded 2 times (x 70B)
Class kotlin.NoWhenBranchMatchedException                                             : loaded 2 times (x 82B)
Class com.google.common.cache.LocalCache$EntryFactory$4                               : loaded 2 times (x 83B)
Class com.google.common.base.CharMatcher$InRange                                      : loaded 2 times (x 111B)
Class com.google.common.collect.ImmutableSet$Builder                                  : loaded 2 times (x 85B)
Class org.jetbrains.kotlin.idea.gradleTooling.PrepareKotlinIdeImportTaskModel         : loaded 2 times (x 70B)
Class com.google.common.cache.LocalCache$EntryFactory$5                               : loaded 2 times (x 83B)
Class com.android.ide.gradle.model.GradlePluginModel                                  : loaded 2 times (x 70B)
Class org.gradle.tooling.model.build.JavaEnvironment                                  : loaded 2 times (x 70B)
Class com.google.common.base.Equivalence$Identity                                     : loaded 2 times (x 82B)
Class com.google.common.cache.LocalCache$EntryFactory$6                               : loaded 2 times (x 83B)
Class org.gradle.internal.time.Timer                                                  : loaded 2 times (x 70B)
Class kotlin.jvm.internal.markers.KMappedMarker                                       : loaded 2 times (x 70B)
Class org.gradle.internal.installation.CurrentGradleInstallationLocator               : loaded 2 times (x 71B)
Class com.google.common.collect.Maps$KeySet                                           : loaded 2 times (x 137B)
Class com.google.common.cache.LocalCache$EntryFactory$7                               : loaded 2 times (x 83B)
Class com.google.common.collect.ImmutableSet$EmptySetBuilderImpl                      : loaded 2 times (x 76B)
Class [Lorg.jetbrains.kotlin.config.LanguageVersion;                                  : loaded 2 times (x 69B)
Class org.gradle.tooling.internal.adapter.ProtocolToModelAdapter$ViewGraphDetails     : loaded 2 times (x 72B)
Class org.gradle.tooling.model.idea.IdeaProject                                       : loaded 2 times (x 70B)
Class org.gradle.tooling.model.DomainObjectSet                                        : loaded 2 times (x 70B)
Class org.gradle.internal.service.DefaultServiceLocator                               : loaded 2 times (x 83B)
Class org.jetbrains.kotlin.util.capitalizeDecapitalize.CapitalizeDecapitalizeKt       : loaded 2 times (x 71B)
Class com.google.common.cache.LocalCache$EntryFactory$8                               : loaded 2 times (x 83B)
Class com.google.common.collect.ImmutableSet$SetBuilderImpl                           : loaded 2 times (x 76B)
Class kotlin.coroutines.jvm.internal.SuspendFunction                                  : loaded 2 times (x 70B)
Class org.gradle.util.GradleVersion                                                   : loaded 2 times (x 81B)
Class org.gradle.internal.installation.CurrentGradleInstallation                      : loaded 2 times (x 73B)
Class com.google.common.cache.CacheLoader$1                                           : loaded 2 times (x 75B)
Class com.google.common.collect.ImmutableList$SubList                                 : loaded 2 times (x 209B)
Class org.jetbrains.plugins.gradle.javaModel.JavaGradleManifestModel                  : loaded 2 times (x 70B)
Class org.jetbrains.plugins.gradle.tooling.serialization.GradleExtensionsSerializationService$WriteContext: loaded 2 times (x 72B)
Class com.intellij.gradle.toolingExtension.impl.model.taskModel.GradleTaskSerialisationService$Companion: loaded 2 times (x 71B)
Class kotlin.coroutines.intrinsics.IntrinsicsKt__IntrinsicsJvmKt                      : loaded 2 times (x 71B)
Class kotlin.coroutines.jvm.internal.CoroutineStackFrame                              : loaded 2 times (x 70B)
Class org.gradle.tooling.internal.adapter.ProtocolToModelAdapter$MethodInvocationCache$MethodInvocationKey: loaded 2 times (x 73B)
Class org.gradle.util.internal.GUtil                                                  : loaded 2 times (x 71B)
Class com.google.common.cache.AbstractCache$StatsCounter                              : loaded 2 times (x 70B)
Class com.intellij.gradle.toolingExtension.impl.model.utilTurnOffDefaultTasksModel.TurnOffDefaultTasks: loaded 2 times (x 70B)
Class com.intellij.gradle.toolingExtension.impl.model.sourceSetModel.GradleSourceSetSerialisationService$SourceSetModelReadContext: loaded 2 times (x 72B)
Class kotlin.collections.CollectionsKt                                                : loaded 2 times (x 71B)
Class com.google.common.base.PairwiseEquivalence                                      : loaded 2 times (x 83B)
Class com.google.common.collect.RegularImmutableSet                                   : loaded 2 times (x 149B)
Class com.intellij.gradle.toolingExtension.impl.model.sourceSetModel.GradleSourceSetSerialisationService$SourceSetModelWriteContext: loaded 2 times (x 72B)
Class kotlin.coroutines.CoroutineContext                                              : loaded 2 times (x 70B)
Class kotlin.coroutines.jvm.internal.DebugProbesKt                                    : loaded 2 times (x 71B)
Class org.gradle.tooling.internal.adapter.WeakIdentityHashMap                         : loaded 2 times (x 76B)
Class org.gradle.tooling.internal.adapter.ProtocolToModelAdapter$1                    : loaded 2 times (x 75B)
Class org.gradle.tooling.internal.adapter.ProtocolToModelAdapter$ViewDecoration       : loaded 2 times (x 70B)
Class org.gradle.internal.installation.GradleInstallation                             : loaded 2 times (x 75B)
Class com.google.common.collect.Iterables                                             : loaded 2 times (x 71B)
Class jdk.internal.jimage.decompressor.ResourceDecompressor$StringsProvider           : loaded 2 times (x 70B)
Class org.jetbrains.plugins.gradle.tooling.serialization.GradleExtensionsSerializationService$ReadContext: loaded 2 times (x 72B)
Class org.gradle.tooling.internal.adapter.MethodInvoker                               : loaded 2 times (x 70B)
Class org.jetbrains.plugins.gradle.tooling.serialization.RepositoriesModelSerializationService$WriteContext: loaded 2 times (x 72B)

---------------  S Y S T E M  ---------------

OS:
 Windows 11 , 64 bit Build 26100 (10.0.26100.8246)
OS uptime: 1 days 4:08 hours
Hyper-V role detected

CPU: total 8 (initial active 8) (8 cores per cpu, 2 threads per core) family 23 model 160 stepping 0 microcode 0x8a0000b, cx8, cmov, fxsr, ht, mmx, 3dnowpref, sse, sse2, sse3, ssse3, sse4a, sse4.1, sse4.2, popcnt, lzcnt, tsc, tscinvbit, avx, avx2, aes, clmul, bmi1, bmi2, adx, sha, fma, vzeroupper, clflush, clflushopt, hv, rdtscp, rdpid, f16c
Processor Information for the first 8 processors :
  Max Mhz: 2401, Current Mhz: 2401, Mhz Limit: 2401

Memory: 4k page, system-wide physical 7412M (282M free)
TotalPageFile size 20466M (AvailPageFile size 0M)
current process WorkingSet (physical memory assigned to process): 155M, peak: 522M
current process commit charge ("private bytes"): 844M, peak: 868M

vm_info: OpenJDK 64-Bit Server VM (21.0.10+-14961533-b1163.108) for windows-amd64 JRE (21.0.10+-14961533-b1163.108), built on 2026-03-02T19:58:50Z by "builder" with MS VC++ 16.10 / 16.11 (VS2019)

END.
